,sampling/learner/mean_reward,sampling/learner/learner/mean_reward,sampling/learner/partner/mean_reward,sampling/learner/episodes,sampling/learner/samples,sampling/partner/mean_reward,sampling/partner/response/mean_reward,sampling/partner/partner/mean_reward,sampling/partner/episodes,sampling/partner/samples,sampling/episodes_per_s,sampling/samples_per_s,sampling/total_time_s,total_iterations,total_episodes,total_samples,learning/total_time_s,eval/learner/mean_reward,eval/learner/learner/mean_reward,eval/learner/partner/mean_reward,eval/learner/episodes,eval/learner/samples,eval/partner/mean_reward,eval/partner/response/mean_reward,eval/partner/partner/mean_reward,eval/partner/episodes,eval/partner/samples,total_time_s
0,1.98,0.99,0.99,100,1000,0.04,0.02,0.02,100,1000,223.11177946408648,2231.1177946408648,0.896411657333374,1,200,2000,2.248746156692505,2.0,1.0,1.0,10,100,0.0,0.0,0.0,10,100,3.238213062286377
1,2.16,1.08,1.08,100,1000,0.1,0.05,0.05,100,1000,216.6950001278687,2166.9500012786866,1.8193678855895996,2,400,4000,4.543192148208618,2.0,1.0,1.0,10,100,0.0,0.0,0.0,10,100,6.56223201751709
2,2.04,1.02,1.02,100,1000,0.04,0.02,0.02,100,1000,194.894406159964,1948.94406159964,2.845564603805542,3,600,6000,5.853772163391113,0.0,0.0,0.0,10,100,0.0,0.0,0.0,10,100,9.008922576904297
3,0.04,0.02,0.02,100,1000,0.04,0.02,0.02,100,1000,206.83058553124215,2068.3058553124215,3.812539577484131,4,800,8000,6.36960506439209,2.0,1.0,1.0,10,100,0.0,0.0,0.0,10,100,10.57029914855957
4,1.86,0.93,0.93,100,1000,0.08,0.04,0.04,100,1000,202.24887924919702,2022.4887924919701,4.801420211791992,5,1000,10000,6.939899206161499,4.0,2.0,2.0,10,100,6.0,3.0,3.0,10,100,12.220731258392334
5,4.0,2.0,2.0,100,1000,5.84,2.92,2.92,100,1000,241.38732981023924,2413.8732981023923,5.629964113235474,6,1200,12000,7.5962324142456055,4.0,2.0,2.0,10,100,2.0,1.0,1.0,10,100,13.790058374404907
6,4.0,2.0,2.0,100,1000,2.12,1.06,1.06,100,1000,223.70438600023522,2237.043860002352,6.524001121520996,7,1400,14000,7.99934983253479,0.0,0.0,0.0,10,100,2.0,1.0,1.0,10,100,15.15844178199768
7,0.1,0.05,0.05,100,1000,2.14,1.07,1.07,100,1000,230.33198570880987,2303.3198570880986,7.392313003540039,8,1600,16000,8.267022609710693,0.0,0.0,0.0,10,100,6.0,3.0,3.0,10,100,16.36731791496277
8,0.08,0.04,0.04,100,1000,5.7,2.85,2.85,100,1000,237.67842298139567,2376.7842298139567,8.23378610610962,9,1800,18000,8.605064868927002,10.0,5.0,5.0,10,100,18.0,9.0,9.0,10,100,17.614337921142578
9,9.4,4.7,4.7,100,1000,17.32,8.66,8.66,100,1000,270.5902200402243,2705.902200402243,8.97291111946106,10,2000,20000,9.014341592788696,12.0,6.0,6.0,10,100,20.0,10.0,10.0,10,100,18.832451581954956
10,11.62,5.81,5.81,100,1000,19.48,9.74,9.74,100,1000,238.0937081173625,2380.937081173625,9.81291651725769,11,2200,22000,9.339776754379272,20.0,10.0,10.0,10,100,20.0,10.0,10.0,10,100,20.085010766983032
11,19.62,9.81,9.81,100,1000,19.44,9.72,9.72,100,1000,219.33851274270148,2193.3851274270146,10.724749088287354,12,2400,24000,9.67460036277771,20.0,10.0,10.0,10,100,20.0,10.0,10.0,10,100,21.414610862731934
12,19.74,9.87,9.87,100,1000,19.72,9.86,9.86,100,1000,257.5116866468318,2575.116866468318,11.501412868499756,13,2600,26000,9.969099283218384,20.0,10.0,10.0,10,100,20.0,10.0,10.0,10,100,22.586809158325195
13,19.56,9.78,9.78,100,1000,19.46,9.73,9.73,100,1000,223.4477394470682,2234.477394470682,12.396476745605469,14,2800,28000,10.206918716430664,20.0,10.0,10.0,10,100,20.0,10.0,10.0,10,100,23.835735082626343
14,19.76,9.88,9.88,100,1000,19.3,9.65,9.65,100,1000,242.93772319444005,2429.3772319444006,13.219732999801636,15,3000,30000,10.463249921798706,20.0,10.0,10.0,10,100,18.0,9.0,9.0,10,100,25.019413948059082
15,19.44,9.72,9.72,100,1000,17.3,8.65,8.65,100,1000,219.62299737482095,2196.2299737482094,14.13038444519043,16,3200,32000,10.752417802810669,20.0,10.0,10.0,10,100,18.0,9.0,9.0,10,100,26.28830361366272
16,19.5,9.75,9.75,100,1000,17.48,8.74,8.74,100,1000,259.82844140872066,2598.2844140872066,14.900123119354248,17,3400,34000,11.142337083816528,20.0,10.0,10.0,10,100,18.0,9.0,9.0,10,100,27.527843475341797
17,19.56,9.78,9.78,100,1000,17.16,8.58,8.58,100,1000,250.40680694162853,2504.068069416285,15.69882345199585,18,3600,36000,11.457043170928955,2.0,1.0,1.0,10,100,6.0,3.0,3.0,10,100,28.745342016220093
18,2.16,1.08,1.08,100,1000,5.8,2.9,2.9,100,1000,237.27203326093309,2372.720332609331,16.5417377948761,19,3800,38000,11.747289180755615,2.0,1.0,1.0,10,100,6.0,3.0,3.0,10,100,29.967161655426025
19,2.02,1.01,1.01,100,1000,5.74,2.87,2.87,100,1000,215.49460364891107,2154.9460364891106,17.46983528137207,20,4000,40000,12.060712337493896,2.0,1.0,1.0,10,100,6.0,3.0,3.0,10,100,31.296204805374146
20,2.26,1.13,1.13,100,1000,5.78,2.89,2.89,100,1000,245.68243248982034,2456.8243248982035,18.283894300460815,21,4200,42000,12.326374769210815,4.0,2.0,2.0,10,100,6.0,3.0,3.0,10,100,32.44374465942383
21,3.98,1.99,1.99,100,1000,5.88,2.94,2.94,100,1000,247.83098608193666,2478.3098608193663,19.090895891189575,22,4400,44000,12.580507040023804,2.0,1.0,1.0,10,100,6.0,3.0,3.0,10,100,33.60399842262268
22,2.2,1.1,1.1,100,1000,5.84,2.92,2.92,100,1000,219.51541062866406,2195.1541062866404,20.001993656158447,23,4600,46000,12.900877475738525,2.0,1.0,1.0,10,100,6.0,3.0,3.0,10,100,34.90329885482788
23,2.04,1.02,1.02,100,1000,5.82,2.91,2.91,100,1000,254.4307721238334,2544.307721238334,20.78806209564209,24,4800,48000,13.301666021347046,4.0,2.0,2.0,10,100,6.0,3.0,3.0,10,100,36.1701762676239
24,4.02,2.01,2.01,100,1000,5.84,2.92,2.92,100,1000,269.91667232438107,2699.166723243811,21.52903151512146,25,5000,50000,13.767828702926636,2.0,1.0,1.0,10,100,6.0,3.0,3.0,10,100,37.47564220428467
25,2.06,1.03,1.03,100,1000,5.94,2.97,2.97,100,1000,220.22476629723673,2202.2476629723674,22.43719458580017,26,5200,52000,14.155588865280151,6.0,3.0,3.0,10,100,6.0,3.0,3.0,10,100,38.839420318603516
26,5.78,2.89,2.89,100,1000,5.9,2.95,2.95,100,1000,262.3812910801206,2623.812910801206,23.19944405555725,27,5400,54000,14.509172677993774,4.0,2.0,2.0,10,100,6.0,3.0,3.0,10,100,40.02321434020996
27,4.04,2.02,2.02,100,1000,5.92,2.96,2.96,100,1000,209.8449891257743,2098.449891257743,24.152528524398804,28,5600,56000,14.774505138397217,6.0,3.0,3.0,10,100,6.0,3.0,3.0,10,100,41.310762882232666
28,5.9,2.95,2.95,100,1000,5.76,2.88,2.88,100,1000,264.6959167902803,2646.959167902803,24.90811252593994,29,5800,58000,15.145782470703125,6.0,3.0,3.0,10,100,6.0,3.0,3.0,10,100,42.507317304611206
29,6.0,3.0,3.0,100,1000,5.84,2.92,2.92,100,1000,258.6891258834744,2586.8912588347434,25.681241273880005,30,6000,60000,15.545457363128662,6.0,3.0,3.0,10,100,6.0,3.0,3.0,10,100,43.74849343299866
30,6.08,3.04,3.04,100,1000,5.78,2.89,2.89,100,1000,256.10949994183915,2561.0949994183916,26.462157249450684,31,6200,62000,15.854283809661865,4.0,2.0,2.0,10,100,0.0,0.0,0.0,10,100,44.9066424369812
31,3.98,1.99,1.99,100,1000,0.02,0.01,0.01,100,1000,251.3842060769555,2513.8420607695552,27.257752180099487,32,6400,64000,16.232372522354126,6.0,3.0,3.0,10,100,0.0,0.0,0.0,10,100,46.14813041687012
32,6.06,3.03,3.03,100,1000,0.0,0.0,0.0,100,1000,257.43052748872134,2574.3052748872137,28.034660816192627,33,6600,66000,16.627158403396606,6.0,3.0,3.0,10,100,0.0,0.0,0.0,10,100,47.4115936756134
33,6.06,3.03,3.03,100,1000,0.04,0.02,0.02,100,1000,256.68785891391695,2566.8785891391694,28.813817262649536,34,6800,68000,17.07168984413147,6.0,3.0,3.0,10,100,6.0,3.0,3.0,10,100,48.7202422618866
34,5.88,2.94,2.94,100,1000,5.78,2.89,2.89,100,1000,274.72233375230803,2747.2233375230803,29.54182505607605,35,7000,70000,17.47020936012268,6.0,3.0,3.0,10,100,6.0,3.0,3.0,10,100,49.948434829711914
35,6.06,3.03,3.03,100,1000,5.88,2.94,2.94,100,1000,211.49994226278451,2114.999422627845,30.487451791763306,36,7200,72000,17.894134044647217,8.0,4.0,4.0,10,100,6.0,3.0,3.0,10,100,51.392475605010986
36,7.82,3.91,3.91,100,1000,5.9,2.95,2.95,100,1000,267.0674723106316,2670.674723106316,31.236326217651367,37,7400,74000,18.291996955871582,8.0,4.0,4.0,10,100,6.0,3.0,3.0,10,100,52.646177768707275
37,7.78,3.89,3.89,100,1000,5.9,2.95,2.95,100,1000,252.01171162672765,2520.1171162672763,32.029940128326416,38,7600,76000,18.787426471710205,8.0,4.0,4.0,10,100,0.0,0.0,0.0,10,100,54.02946615219116
38,8.02,4.01,4.01,100,1000,0.04,0.02,0.02,100,1000,219.07696100540366,2190.7696100540365,32.94286131858826,39,7800,78000,19.0622878074646,8.0,4.0,4.0,10,100,0.0,0.0,0.0,10,100,55.30045771598816
39,7.96,3.98,3.98,100,1000,0.06,0.03,0.03,100,1000,248.06704776955448,2480.670477695545,33.74909496307373,40,8000,80000,19.30416965484619,8.0,4.0,4.0,10,100,6.0,3.0,3.0,10,100,56.42290711402893
40,7.94,3.97,3.97,100,1000,5.84,2.92,2.92,100,1000,238.24822427337145,2382.4822427337144,34.588555574417114,41,8200,82000,19.568167448043823,8.0,4.0,4.0,10,100,6.0,3.0,3.0,10,100,57.595077991485596
41,7.92,3.96,3.96,100,1000,5.76,2.88,2.88,100,1000,239.12500502416876,2391.2500502416874,35.4249382019043,42,8400,84000,19.86475372314453,8.0,4.0,4.0,10,100,6.0,3.0,3.0,10,100,58.80928444862366
42,7.94,3.97,3.97,100,1000,5.86,2.93,2.93,100,1000,220.0187322352603,2200.187322352603,36.33395171165466,43,8600,86000,20.204999685287476,8.0,4.0,4.0,10,100,6.0,3.0,3.0,10,100,60.150142431259155
43,7.84,3.92,3.92,100,1000,5.76,2.88,2.88,100,1000,264.798773200569,2647.9877320056894,37.08924221992493,44,8800,88000,20.53593373298645,4.0,2.0,2.0,10,100,6.0,3.0,3.0,10,100,61.312010526657104
44,3.98,1.99,1.99,100,1000,5.84,2.92,2.92,100,1000,263.2031459093358,2632.031459093358,37.849111557006836,45,9000,90000,20.846293210983276,4.0,2.0,2.0,10,100,6.0,3.0,3.0,10,100,62.471171379089355
45,3.94,1.97,1.97,100,1000,5.9,2.95,2.95,100,1000,265.12642371072343,2651.2642371072343,38.60346865653992,46,9200,92000,21.120590448379517,4.0,2.0,2.0,10,100,6.0,3.0,3.0,10,100,63.58136487007141
46,4.04,2.02,2.02,100,1000,5.74,2.87,2.87,100,1000,215.56964029102363,2155.696402910236,39.531243085861206,47,9400,94000,21.519613027572632,8.0,4.0,4.0,10,100,6.0,3.0,3.0,10,100,64.99347972869873
47,7.88,3.94,3.94,100,1000,5.8,2.9,2.9,100,1000,259.68671446438077,2596.867144643808,40.3014018535614,48,9600,96000,21.759944200515747,4.0,2.0,2.0,10,100,6.0,3.0,3.0,10,100,66.09141659736633
48,4.04,2.02,2.02,100,1000,5.86,2.93,2.93,100,1000,219.8384299411448,2198.384299411448,41.21116089820862,49,9800,98000,22.06193780899048,4.0,2.0,2.0,10,100,6.0,3.0,3.0,10,100,67.40285634994507
49,4.0,2.0,2.0,100,1000,5.84,2.92,2.92,100,1000,246.0970135176326,2460.970135176326,42.02384853363037,50,10000,100000,22.329957008361816,4.0,2.0,2.0,10,100,6.0,3.0,3.0,10,100,68.55316185951233
50,3.98,1.99,1.99,100,1000,5.78,2.89,2.89,100,1000,240.39625252042418,2403.962525204242,42.85580825805664,51,10200,102000,22.62294316291809,4.0,2.0,2.0,10,100,6.0,3.0,3.0,10,100,69.76144480705261
51,4.08,2.04,2.04,100,1000,5.88,2.94,2.94,100,1000,256.8394624765392,2568.394624765392,43.63450479507446,52,10400,104000,22.94643211364746,4.0,2.0,2.0,10,100,6.0,3.0,3.0,10,100,70.93864107131958
52,4.02,2.01,2.01,100,1000,5.76,2.88,2.88,100,1000,239.09440295146746,2390.9440295146746,44.47099447250366,53,10600,106000,23.26303219795227,4.0,2.0,2.0,10,100,6.0,3.0,3.0,10,100,72.17407178878784
53,4.16,2.08,2.08,100,1000,5.92,2.96,2.96,100,1000,227.54858046072263,2275.4858046072263,45.3499276638031,54,10800,108000,23.567607402801514,4.0,2.0,2.0,10,100,6.0,3.0,3.0,10,100,73.44083952903748
54,3.9,1.95,1.95,100,1000,5.8,2.9,2.9,100,1000,271.5083220267009,2715.083220267009,46.08655333518982,55,11000,110000,23.998698472976685,4.0,2.0,2.0,10,100,6.0,3.0,3.0,10,100,74.68634343147278
55,4.1,2.05,2.05,100,1000,5.86,2.93,2.93,100,1000,216.64798983677423,2166.4798983677424,47.00970983505249,56,11200,112000,24.423831462860107,8.0,4.0,4.0,10,100,6.0,3.0,3.0,10,100,76.1207435131073
56,7.78,3.89,3.89,100,1000,6.0,3.0,3.0,100,1000,284.5503866660425,2845.503866660425,47.71257305145264,57,11400,114000,24.86159896850586,8.0,4.0,4.0,10,100,6.0,3.0,3.0,10,100,77.3367531299591
57,7.74,3.87,3.87,100,1000,5.86,2.93,2.93,100,1000,224.15905695413224,2241.590569541322,48.60479664802551,58,11600,116000,25.260454654693604,8.0,4.0,4.0,10,100,6.0,3.0,3.0,10,100,78.70730900764465
58,7.7,3.85,3.85,100,1000,5.78,2.89,2.89,100,1000,237.3252653872552,2373.252653872552,49.447521924972534,59,11800,118000,25.63765597343445,6.0,3.0,3.0,10,100,6.0,3.0,3.0,10,100,80.01025438308716
59,5.96,2.98,2.98,100,1000,5.78,2.89,2.89,100,1000,221.89871539267116,2218.9871539267115,50.34883403778076,60,12000,120000,25.926653385162354,4.0,2.0,2.0,10,100,6.0,3.0,3.0,10,100,81.29786396026611
60,4.02,2.01,2.01,100,1000,5.78,2.89,2.89,100,1000,222.38962978044725,2223.8962978044724,51.24815654754639,61,12200,122000,26.312962532043457,4.0,2.0,2.0,10,100,6.0,3.0,3.0,10,100,82.67020416259766
61,3.84,1.92,1.92,100,1000,5.82,2.91,2.91,100,1000,254.36288050844632,2543.6288050844632,52.03443479537964,62,12400,124000,26.658225536346436,4.0,2.0,2.0,10,100,6.0,3.0,3.0,10,100,83.88719320297241
62,3.92,1.96,1.96,100,1000,5.82,2.91,2.91,100,1000,216.0179002717539,2160.179002717539,52.96028399467468,63,12600,126000,27.180018663406372,4.0,2.0,2.0,10,100,6.0,3.0,3.0,10,100,85.42421388626099
63,3.96,1.98,1.98,100,1000,5.96,2.98,2.98,100,1000,247.54262113526715,2475.4262113526715,53.76822566986084,64,12800,128000,27.594385862350464,4.0,2.0,2.0,10,100,6.0,3.0,3.0,10,100,86.73467755317688
64,4.04,2.02,2.02,100,1000,5.76,2.88,2.88,100,1000,258.5042600189334,2585.0426001893343,54.54190731048584,65,13000,130000,27.858847618103027,4.0,2.0,2.0,10,100,6.0,3.0,3.0,10,100,87.87945055961609
65,3.96,1.98,1.98,100,1000,5.84,2.92,2.92,100,1000,223.72813188014823,2237.2813188014825,55.43584942817688,66,13200,132000,28.094432830810547,4.0,2.0,2.0,10,100,6.0,3.0,3.0,10,100,89.11399555206299
66,4.02,2.01,2.01,100,1000,5.84,2.92,2.92,100,1000,236.14582101736903,2361.45821017369,56.28278374671936,67,13400,134000,28.36200523376465,4.0,2.0,2.0,10,100,6.0,3.0,3.0,10,100,90.32285356521606
67,3.8,1.9,1.9,100,1000,5.88,2.94,2.94,100,1000,213.33848753771872,2133.384875377187,57.220261096954346,68,13600,136000,28.72931981086731,4.0,2.0,2.0,10,100,6.0,3.0,3.0,10,100,91.7146954536438
68,3.94,1.97,1.97,100,1000,5.76,2.88,2.88,100,1000,237.83327700748717,2378.332770074872,58.06118631362915,69,13800,138000,29.037166833877563,4.0,2.0,2.0,10,100,6.0,3.0,3.0,10,100,92.95031690597534
69,4.02,2.01,2.01,100,1000,5.64,2.82,2.82,100,1000,257.5868064191826,2575.8680641918263,58.837623596191406,70,14000,140000,29.337496280670166,4.0,2.0,2.0,10,100,6.0,3.0,3.0,10,100,94.13273644447327
70,4.0,2.0,2.0,100,1000,5.76,2.88,2.88,100,1000,228.0811494587272,2280.8114945872717,59.71450448036194,71,14200,142000,29.552542448043823,4.0,2.0,2.0,10,100,6.0,3.0,3.0,10,100,95.30474019050598
71,4.08,2.04,2.04,100,1000,5.94,2.97,2.97,100,1000,267.7817258283697,2677.8172582836974,60.46138143539429,72,14400,144000,29.949108362197876,8.0,4.0,4.0,10,100,6.0,3.0,3.0,10,100,96.53632164001465
72,7.66,3.83,3.83,100,1000,5.8,2.9,2.9,100,1000,217.89803381278855,2178.9803381278857,61.379241943359375,73,14600,146000,30.227580785751343,8.0,4.0,4.0,10,100,6.0,3.0,3.0,10,100,97.81647443771362
73,7.82,3.91,3.91,100,1000,5.88,2.94,2.94,100,1000,226.23096539790893,2262.3096539790895,62.2632942199707,74,14800,148000,30.52874255180359,8.0,4.0,4.0,10,100,6.0,3.0,3.0,10,100,99.08874821662903
74,7.82,3.91,3.91,100,1000,5.78,2.89,2.89,100,1000,216.21695185062418,2162.1695185062417,63.18829107284546,75,15000,150000,30.852320432662964,8.0,4.0,4.0,10,100,6.0,3.0,3.0,10,100,100.40732860565186
75,7.68,3.84,3.84,100,1000,5.92,2.96,2.96,100,1000,249.61466966095276,2496.1466966095277,63.98952603340149,76,15200,152000,31.12919783592224,8.0,4.0,4.0,10,100,6.0,3.0,3.0,10,100,101.55976343154907
76,7.66,3.83,3.83,100,1000,5.88,2.94,2.94,100,1000,263.333857577096,2633.3385757709602,64.74901819229126,77,15400,154000,31.398801565170288,6.0,3.0,3.0,10,100,6.0,3.0,3.0,10,100,102.69279336929321
77,6.02,3.01,3.01,100,1000,5.84,2.92,2.92,100,1000,242.65430920272374,2426.5430920272374,65.57323598861694,78,15600,156000,31.61640954017639,8.0,4.0,4.0,10,100,6.0,3.0,3.0,10,100,103.80363297462463
78,7.76,3.88,3.88,100,1000,5.82,2.91,2.91,100,1000,211.0132479950415,2110.132479950415,66.52104377746582,79,15800,158000,31.85764217376709,6.0,3.0,3.0,10,100,6.0,3.0,3.0,10,100,105.07036280632019
79,6.0,3.0,3.0,100,1000,5.82,2.91,2.91,100,1000,228.91611110959505,2289.1611110959507,67.3947262763977,80,16000,160000,32.158079862594604,8.0,4.0,4.0,10,100,6.0,3.0,3.0,10,100,106.347487449646
80,7.36,3.68,3.68,100,1000,5.82,2.91,2.91,100,1000,255.3933161703278,2553.933161703278,68.17783212661743,81,16200,162000,32.45842742919922,8.0,4.0,4.0,10,100,6.0,3.0,3.0,10,100,107.5293869972229
81,7.42,3.71,3.71,100,1000,5.76,2.88,2.88,100,1000,235.5138591601176,2355.138591601176,69.02703905105591,82,16400,164000,32.78166151046753,2.0,1.0,1.0,10,100,6.0,3.0,3.0,10,100,108.79394674301147
82,2.28,1.14,1.14,100,1000,5.88,2.94,2.94,100,1000,227.6627047506354,2276.627047506354,69.90553164482117,83,16600,166000,33.080201864242554,16.0,8.0,8.0,10,100,18.0,9.0,9.0,10,100,110.04462194442749
83,15.72,7.86,7.86,100,1000,17.46,8.73,8.73,100,1000,251.91839612768106,2519.1839612768104,70.69943952560425,84,16800,168000,33.3454852104187,2.0,1.0,1.0,10,100,6.0,3.0,3.0,10,100,111.2087242603302
84,2.16,1.08,1.08,100,1000,5.82,2.91,2.91,100,1000,234.68130082574527,2346.8130082574526,71.55165910720825,85,17000,170000,33.58453297615051,16.0,8.0,8.0,10,100,18.0,9.0,9.0,10,100,112.37709355354309
85,15.64,7.82,7.82,100,1000,17.4,8.7,8.7,100,1000,244.182400463878,2441.82400463878,72.37071895599365,86,17200,172000,33.884515047073364,8.0,4.0,4.0,10,100,6.0,3.0,3.0,10,100,113.5982027053833
86,7.78,3.89,3.89,100,1000,5.76,2.88,2.88,100,1000,223.42214883076758,2234.221488307676,73.26588535308838,87,17400,174000,34.08932185173035,8.0,4.0,4.0,10,100,6.0,3.0,3.0,10,100,114.794118642807
87,7.4,3.7,3.7,100,1000,5.9,2.95,2.95,100,1000,210.7312406769238,2107.312406769238,74.21496152877808,88,17600,176000,34.33102488517761,6.0,3.0,3.0,10,100,6.0,3.0,3.0,10,100,116.05382990837097
88,5.92,2.96,2.96,100,1000,5.82,2.91,2.91,100,1000,248.37649109841487,2483.7649109841486,75.0201907157898,89,17800,178000,34.652944564819336,2.0,1.0,1.0,10,100,6.0,3.0,3.0,10,100,117.25670409202576
89,2.16,1.08,1.08,100,1000,5.86,2.93,2.93,100,1000,248.31671644185687,2483.1671644185685,75.82561373710632,90,18000,180000,35.054261684417725,6.0,3.0,3.0,10,100,6.0,3.0,3.0,10,100,118.56155800819397
90,5.84,2.92,2.92,100,1000,5.8,2.9,2.9,100,1000,237.8204659332983,2378.204659332983,76.66658425331116,91,18200,182000,35.33248496055603,8.0,4.0,4.0,10,100,6.0,3.0,3.0,10,100,119.75028848648071
91,7.72,3.86,3.86,100,1000,5.8,2.9,2.9,100,1000,238.1956595196111,2381.956595196111,77.5062301158905,92,18400,184000,35.72330379486084,8.0,4.0,4.0,10,100,6.0,3.0,3.0,10,100,121.08101749420166
92,7.86,3.93,3.93,100,1000,5.8,2.9,2.9,100,1000,259.7376926139893,2597.376926139893,78.27623772621155,93,18600,186000,36.07990074157715,16.0,8.0,8.0,10,100,18.0,9.0,9.0,10,100,122.27604293823242
93,15.36,7.68,7.68,100,1000,17.26,8.63,8.63,100,1000,246.64099488965616,2466.4099488965617,79.08713293075562,94,18800,188000,36.42369341850281,8.0,4.0,4.0,10,100,6.0,3.0,3.0,10,100,123.49899625778198
94,7.8,3.9,3.9,100,1000,5.8,2.9,2.9,100,1000,261.6578070872061,2616.578070872061,79.85149002075195,95,19000,190000,36.79756283760071,8.0,4.0,4.0,10,100,6.0,3.0,3.0,10,100,124.70672965049744
95,7.6,3.8,3.8,100,1000,5.9,2.95,2.95,100,1000,228.97547181141738,2289.7547181141736,80.72494602203369,96,19200,192000,37.090129375457764,6.0,3.0,3.0,10,100,6.0,3.0,3.0,10,100,125.9407069683075
96,5.76,2.88,2.88,100,1000,5.82,2.91,2.91,100,1000,234.91493632020718,2349.149363202072,81.57631802558899,97,19400,194000,37.437591552734375,2.0,1.0,1.0,10,100,6.0,3.0,3.0,10,100,127.20714831352234
97,2.28,1.14,1.14,100,1000,5.86,2.93,2.93,100,1000,270.78876198334194,2707.8876198334196,82.31490111351013,98,19600,196000,37.90066361427307,6.0,3.0,3.0,10,100,6.0,3.0,3.0,10,100,128.4780011177063
98,5.96,2.98,2.98,100,1000,5.82,2.91,2.91,100,1000,285.1581326555483,2851.581326555483,83.01626634597778,99,19800,198000,38.35210943222046,6.0,3.0,3.0,10,100,6.0,3.0,3.0,10,100,129.7156364917755
99,5.96,2.98,2.98,100,1000,5.74,2.87,2.87,100,1000,228.796421128369,2287.96421128369,83.8904058933258,100,20000,200000,38.76133346557617,6.0,3.0,3.0,10,100,6.0,3.0,3.0,10,100,131.0786736011505
100,5.88,2.94,2.94,100,1000,5.86,2.93,2.93,100,1000,237.35964737047323,2373.596473704732,84.73300909996033,101,20200,202000,39.02245306968689,6.0,3.0,3.0,10,100,6.0,3.0,3.0,10,100,132.26249623298645
101,6.0,3.0,3.0,100,1000,5.76,2.88,2.88,100,1000,220.4928346336859,2204.9283463368592,85.64006805419922,102,20400,204000,39.28386116027832,4.0,2.0,2.0,10,100,6.0,3.0,3.0,10,100,133.50530076026917
102,4.0,2.0,2.0,100,1000,5.9,2.95,2.95,100,1000,253.189020819877,2531.89020819877,86.42999172210693,103,20600,206000,39.672932147979736,6.0,3.0,3.0,10,100,6.0,3.0,3.0,10,100,134.75591588020325
103,5.92,2.96,2.96,100,1000,5.92,2.96,2.96,100,1000,273.4765253654892,2734.7652536548917,87.16131591796875,104,20800,208000,39.96474599838257,2.0,1.0,1.0,10,100,6.0,3.0,3.0,10,100,135.86852717399597
104,2.16,1.08,1.08,100,1000,5.96,2.98,2.98,100,1000,264.5479138244334,2645.479138244334,87.91732263565063,105,21000,210000,40.21356129646301,0.0,0.0,0.0,10,100,6.0,3.0,3.0,10,100,136.9562373161316
105,0.02,0.01,0.01,100,1000,5.8,2.9,2.9,100,1000,208.48643308500525,2084.8643308500523,88.8766176700592,106,21200,212000,40.47000980377197,4.0,2.0,2.0,10,100,6.0,3.0,3.0,10,100,138.2486743927002
106,3.88,1.94,1.94,100,1000,5.8,2.9,2.9,100,1000,282.5602114803829,2825.602114803829,89.58443140983582,107,21400,214000,40.866294384002686,0.0,0.0,0.0,10,100,6.0,3.0,3.0,10,100,139.44151186943054
107,0.08,0.04,0.04,100,1000,5.78,2.89,2.89,100,1000,256.5748818305664,2565.748818305664,90.36393094062805,108,21600,216000,41.09298515319824,2.0,1.0,1.0,10,100,6.0,3.0,3.0,10,100,140.53690147399902
108,2.1,1.05,1.05,100,1000,5.82,2.91,2.91,100,1000,256.3247082103825,2563.2470821038246,91.1441912651062,109,21800,218000,41.49789762496948,0.0,0.0,0.0,10,100,6.0,3.0,3.0,10,100,141.79020142555237
109,0.12,0.06,0.06,100,1000,5.86,2.93,2.93,100,1000,250.95028415337492,2509.5028415337492,91.94116187095642,110,22000,220000,41.84160375595093,4.0,2.0,2.0,10,100,6.0,3.0,3.0,10,100,142.99765849113464
110,3.94,1.97,1.97,100,1000,5.76,2.88,2.88,100,1000,233.78005087719689,2337.800508771969,92.79666686058044,111,22200,222000,42.23662042617798,0.0,0.0,0.0,10,100,6.0,3.0,3.0,10,100,144.3379259109497
111,0.06,0.03,0.03,100,1000,5.88,2.94,2.94,100,1000,251.782293135828,2517.82293135828,93.59100389480591,112,22400,224000,42.490108489990234,0.0,0.0,0.0,10,100,6.0,3.0,3.0,10,100,145.4543650150299
112,0.12,0.06,0.06,100,1000,5.78,2.89,2.89,100,1000,259.9804749847364,2599.804749847364,94.36029243469238,113,22600,226000,42.88394236564636,0.0,0.0,0.0,10,100,6.0,3.0,3.0,10,100,146.68609166145325
113,0.06,0.03,0.03,100,1000,5.86,2.93,2.93,100,1000,253.3755434206421,2533.755434206421,95.14963459968567,114,22800,228000,43.25506401062012,0.0,0.0,0.0,10,100,6.0,3.0,3.0,10,100,147.91854572296143
114,0.08,0.04,0.04,100,1000,5.76,2.88,2.88,100,1000,221.76226893837554,2217.6226893837556,96.05150127410889,115,23000,230000,43.57138419151306,0.0,0.0,0.0,10,100,6.0,3.0,3.0,10,100,149.23666620254517
115,0.04,0.02,0.02,100,1000,5.82,2.91,2.91,100,1000,228.9694718580121,2289.694718580121,96.92498016357422,116,23200,232000,43.909764766693115,0.0,0.0,0.0,10,100,6.0,3.0,3.0,10,100,150.5191113948822
116,0.04,0.02,0.02,100,1000,5.64,2.82,2.82,100,1000,241.98407947856614,2419.8407947856613,97.7514808177948,117,23400,234000,44.22843623161316,0.0,0.0,0.0,10,100,6.0,3.0,3.0,10,100,151.73779034614563
117,0.06,0.03,0.03,100,1000,5.8,2.9,2.9,100,1000,220.54987817789785,2205.498781778979,98.65830516815186,118,23600,236000,44.50081706047058,2.0,1.0,1.0,10,100,6.0,3.0,3.0,10,100,152.99863171577454
118,1.66,0.83,0.83,100,1000,5.8,2.9,2.9,100,1000,282.7073365459698,2827.073365459698,99.36575055122375,119,23800,238000,45.00459623336792,0.0,0.0,0.0,10,100,6.0,3.0,3.0,10,100,154.29507875442505
119,0.1,0.05,0.05,100,1000,5.84,2.92,2.92,100,1000,230.62682621323242,2306.2682621323243,100.2329523563385,120,24000,240000,45.59357666969299,2.0,1.0,1.0,10,100,6.0,3.0,3.0,10,100,155.8307011127472
120,1.8,0.9,0.9,100,1000,5.78,2.89,2.89,100,1000,270.20741135388005,2702.0741135388002,100.97312450408936,121,24200,242000,45.98031187057495,0.0,0.0,0.0,10,100,6.0,3.0,3.0,10,100,157.04001188278198
121,0.1,0.05,0.05,100,1000,5.86,2.93,2.93,100,1000,258.77626945578555,2587.762694557856,101.74599289894104,122,24400,244000,46.22140669822693,2.0,1.0,1.0,10,100,6.0,3.0,3.0,10,100,158.12458610534668
122,1.92,0.96,0.96,100,1000,5.78,2.89,2.89,100,1000,243.51884187721188,2435.188418772119,102.56728458404541,123,24600,246000,46.5553674697876,2.0,1.0,1.0,10,100,6.0,3.0,3.0,10,100,159.38294982910156
123,1.88,0.94,0.94,100,1000,5.78,2.89,2.89,100,1000,239.95004549509852,2399.500454950985,103.40079140663147,124,24800,248000,46.90746068954468,2.0,1.0,1.0,10,100,6.0,3.0,3.0,10,100,160.63883566856384
124,2.02,1.01,1.01,100,1000,5.88,2.94,2.94,100,1000,265.0642626815115,2650.6426268151145,104.15532541275024,125,25000,250000,47.301541566848755,2.0,1.0,1.0,10,100,6.0,3.0,3.0,10,100,161.8782868385315
125,2.2,1.1,1.1,100,1000,5.8,2.9,2.9,100,1000,247.89301774280628,2478.930177428063,104.9621250629425,126,25200,252000,47.57077765464783,2.0,1.0,1.0,10,100,6.0,3.0,3.0,10,100,163.02236247062683
126,2.06,1.03,1.03,100,1000,5.88,2.94,2.94,100,1000,253.7213242034959,2537.213242034959,105.75039148330688,127,25400,254000,47.99873375892639,2.0,1.0,1.0,10,100,6.0,3.0,3.0,10,100,164.3369607925415
127,2.16,1.08,1.08,100,1000,5.84,2.92,2.92,100,1000,220.71253302686299,2207.12533026863,106.65654754638672,128,25600,256000,48.41915965080261,2.0,1.0,1.0,10,100,6.0,3.0,3.0,10,100,165.76734972000122
128,2.14,1.07,1.07,100,1000,5.88,2.94,2.94,100,1000,205.0978826425392,2050.9788264253916,107.63169169425964,129,25800,258000,48.930869579315186,2.0,1.0,1.0,10,100,6.0,3.0,3.0,10,100,167.35994720458984
129,2.14,1.07,1.07,100,1000,5.9,2.95,2.95,100,1000,258.13587585512084,2581.358758551208,108.40647745132446,130,26000,260000,49.204134941101074,4.0,2.0,2.0,10,100,6.0,3.0,3.0,10,100,168.50119280815125
130,4.06,2.03,2.03,100,1000,5.9,2.95,2.95,100,1000,257.59993710939034,2575.9993710939034,109.18287515640259,131,26200,262000,49.50516080856323,0.0,0.0,0.0,10,100,6.0,3.0,3.0,10,100,169.68072485923767
131,0.18,0.09,0.09,100,1000,5.84,2.92,2.92,100,1000,234.3108052244059,2343.108052244059,110.03644227981567,132,26400,264000,49.74795722961426,0.0,0.0,0.0,10,100,6.0,3.0,3.0,10,100,170.84832644462585
132,0.14,0.07,0.07,100,1000,5.8,2.9,2.9,100,1000,224.8165190108683,2248.165190108683,110.92605662345886,133,26600,266000,50.11406898498535,0.0,0.0,0.0,10,100,6.0,3.0,3.0,10,100,172.20675778388977
133,0.06,0.03,0.03,100,1000,5.74,2.87,2.87,100,1000,243.0537249455936,2430.5372494559356,111.74891996383667,134,26800,268000,50.50684142112732,0.0,0.0,0.0,10,100,6.0,3.0,3.0,10,100,173.5152177810669
134,0.14,0.07,0.07,100,1000,5.84,2.92,2.92,100,1000,243.6425464086822,2436.425464086822,112.56979465484619,135,27000,270000,51.025126218795776,0.0,0.0,0.0,10,100,6.0,3.0,3.0,10,100,174.95672011375427
135,0.1,0.05,0.05,100,1000,5.94,2.97,2.97,100,1000,214.09002256612754,2140.9002256612753,113.50398111343384,136,27200,272000,51.584309577941895,0.0,0.0,0.0,10,100,6.0,3.0,3.0,10,100,176.53775334358215
136,0.1,0.05,0.05,100,1000,5.86,2.93,2.93,100,1000,296.8619072879837,2968.6190728798365,114.17769503593445,137,27400,274000,52.00149726867676,0.0,0.0,0.0,10,100,6.0,3.0,3.0,10,100,177.71265578269958
137,0.02,0.01,0.01,100,1000,5.78,2.89,2.89,100,1000,273.99129810790515,2739.9129810790514,114.9076452255249,138,27600,276000,52.45602822303772,0.0,0.0,0.0,10,100,6.0,3.0,3.0,10,100,178.993803024292
138,0.06,0.03,0.03,100,1000,5.74,2.87,2.87,100,1000,209.97225853751456,2099.7225853751456,115.86015200614929,139,27800,278000,52.78117847442627,0.0,0.0,0.0,10,100,6.0,3.0,3.0,10,100,180.36195039749146
139,0.14,0.07,0.07,100,1000,5.84,2.92,2.92,100,1000,267.6348637739013,2676.348637739013,116.60743880271912,140,28000,280000,53.13142108917236,0.0,0.0,0.0,10,100,6.0,3.0,3.0,10,100,181.55127620697021
140,0.1,0.05,0.05,100,1000,5.88,2.94,2.94,100,1000,236.8543905662663,2368.543905662663,117.45183944702148,141,28200,282000,53.402547121047974,0.0,0.0,0.0,10,100,6.0,3.0,3.0,10,100,182.7633011341095
141,0.08,0.04,0.04,100,1000,5.78,2.89,2.89,100,1000,215.07800884196783,2150.7800884196786,118.38173460960388,142,28400,284000,53.80342507362366,0.0,0.0,0.0,10,100,6.0,3.0,3.0,10,100,184.1817536354065
142,0.06,0.03,0.03,100,1000,5.86,2.93,2.93,100,1000,267.6563832122564,2676.5638321225642,119.12896132469177,143,28600,286000,54.22985029220581,6.0,3.0,3.0,10,100,18.0,9.0,9.0,10,100,185.46187353134155
143,6.06,3.03,3.03,100,1000,17.38,8.69,8.69,100,1000,216.45395268186826,2164.5395268186826,120.0529453754425,144,28800,288000,54.643922090530396,0.0,0.0,0.0,10,100,6.0,3.0,3.0,10,100,186.9065079689026
144,0.02,0.01,0.01,100,1000,5.72,2.86,2.86,100,1000,263.0134237488799,2630.134237488799,120.81336283683777,145,29000,290000,55.0501811504364,10.0,5.0,5.0,10,100,18.0,9.0,9.0,10,100,188.15590262413025
145,9.68,4.84,4.84,100,1000,17.36,8.68,8.68,100,1000,203.66101978024753,2036.6101978024753,121.79538679122925,146,29200,292000,55.47220706939697,10.0,5.0,5.0,10,100,18.0,9.0,9.0,10,100,189.6408360004425
146,9.52,4.76,4.76,100,1000,17.8,8.9,8.9,100,1000,219.4065519547555,2194.065519547555,122.7069365978241,147,29400,294000,55.89913749694824,10.0,5.0,5.0,10,100,18.0,9.0,9.0,10,100,191.04778957366943
147,9.78,4.89,4.89,100,1000,17.4,8.7,8.7,100,1000,244.2426188783997,2442.426188783997,123.525794506073,148,29600,296000,56.374109506607056,10.0,5.0,5.0,10,100,18.0,9.0,9.0,10,100,192.44215321540833
148,9.46,4.73,4.73,100,1000,17.42,8.71,8.71,100,1000,214.44017481180327,2144.4017481180326,124.45845556259155,149,29800,298000,56.61180138587952,10.0,5.0,5.0,10,100,18.0,9.0,9.0,10,100,193.70935654640198
149,9.78,4.89,4.89,100,1000,17.02,8.51,8.51,100,1000,220.14142825426433,2201.4142825426434,125.36696243286133,150,30000,300000,56.89210844039917,10.0,5.0,5.0,10,100,18.0,9.0,9.0,10,100,194.97878766059875
150,9.72,4.86,4.86,100,1000,17.56,8.78,8.78,100,1000,234.3863562827923,2343.863562827923,126.22025442123413,151,30200,302000,57.26213264465332,16.0,8.0,8.0,10,100,18.0,9.0,9.0,10,100,196.2993884086609
151,15.46,7.73,7.73,100,1000,17.56,8.78,8.78,100,1000,265.3406919867099,2653.406919867099,126.97400236129761,152,30400,304000,57.65803599357605,8.0,4.0,4.0,10,100,18.0,9.0,9.0,10,100,197.51883482933044
152,7.86,3.93,3.93,100,1000,17.3,8.65,8.65,100,1000,247.73247304613255,2477.3247304613255,127.78132486343384,153,30600,306000,57.99917030334473,14.0,7.0,7.0,10,100,18.0,9.0,9.0,10,100,198.76035928726196
153,13.6,6.8,6.8,100,1000,17.6,8.8,8.8,100,1000,244.55278333546636,2445.5278333546635,128.59914422035217,154,30800,308000,58.40536046028137,12.0,6.0,6.0,10,100,18.0,9.0,9.0,10,100,200.05976819992065
154,12.04,6.02,6.02,100,1000,17.58,8.79,8.79,100,1000,262.3562626137209,2623.562626137209,129.36146640777588,155,31000,310000,58.8027024269104,10.0,5.0,5.0,10,100,18.0,9.0,9.0,10,100,201.29816555976868
155,10.1,5.05,5.05,100,1000,17.42,8.71,8.71,100,1000,273.62630014446864,2736.2630014446863,130.09239029884338,156,31200,312000,59.132221937179565,16.0,8.0,8.0,10,100,18.0,9.0,9.0,10,100,202.4686770439148
156,15.1,7.55,7.55,100,1000,17.22,8.61,8.61,100,1000,232.67317889850494,2326.731788985049,130.95196509361267,157,31400,314000,59.373173236846924,16.0,8.0,8.0,10,100,18.0,9.0,9.0,10,100,203.6475429534912
157,15.26,7.63,7.63,100,1000,17.26,8.63,8.63,100,1000,222.58867146112183,2225.8867146112184,131.850483417511,158,31600,316000,59.67788553237915,16.0,8.0,8.0,10,100,18.0,9.0,9.0,10,100,204.95101761817932
158,15.66,7.83,7.83,100,1000,17.32,8.66,8.66,100,1000,247.31630547777115,2473.1630547777117,132.65916442871094,159,31800,318000,59.928433418273926,16.0,8.0,8.0,10,100,18.0,9.0,9.0,10,100,206.07884621620178
159,15.56,7.78,7.78,100,1000,16.92,8.46,8.46,100,1000,242.78346054808705,2427.834605480871,133.48294377326965,160,32000,320000,60.169246435165405,16.0,8.0,8.0,10,100,0.0,0.0,0.0,10,100,207.25072383880615
160,15.44,7.72,7.72,100,1000,0.0,0.0,0.0,100,1000,229.0440561122726,2290.440561122726,134.35613822937012,161,32200,322000,60.43602228164673,16.0,8.0,8.0,10,100,0.0,0.0,0.0,10,100,208.45974564552307
161,15.48,7.74,7.74,100,1000,0.0,0.0,0.0,100,1000,295.5971966110976,2955.971966110976,135.03273463249207,162,32400,324000,60.94979000091553,0.0,0.0,0.0,10,100,6.0,3.0,3.0,10,100,209.73294115066528
162,0.2,0.1,0.1,100,1000,5.84,2.92,2.92,100,1000,211.4881581014036,2114.881581014036,135.9784140586853,163,32600,326000,61.592604875564575,0.0,0.0,0.0,10,100,6.0,3.0,3.0,10,100,211.40973567962646
163,0.2,0.1,0.1,100,1000,5.86,2.93,2.93,100,1000,274.2952809459035,2742.952809459035,136.70755529403687,164,32800,328000,62.0259485244751,0.0,0.0,0.0,10,100,6.0,3.0,3.0,10,100,212.67936277389526
164,0.02,0.01,0.01,100,1000,5.82,2.91,2.91,100,1000,224.79260178309676,2247.926017830968,137.59726428985596,165,33000,330000,62.352474212646484,0.0,0.0,0.0,10,100,0.0,0.0,0.0,10,100,213.9926962852478
165,0.08,0.04,0.04,100,1000,0.04,0.02,0.02,100,1000,266.0193195688567,2660.193195688567,138.34908938407898,166,33200,332000,62.66530704498291,0.0,0.0,0.0,10,100,6.0,3.0,3.0,10,100,215.1611475944519
166,0.12,0.06,0.06,100,1000,5.78,2.89,2.89,100,1000,207.76053692844297,2077.60536928443,139.31173610687256,167,33400,334000,63.06911849975586,0.0,0.0,0.0,10,100,6.0,3.0,3.0,10,100,216.59600019454956
167,0.08,0.04,0.04,100,1000,5.84,2.92,2.92,100,1000,247.20086237025694,2472.0086237025694,140.1207947731018,168,33600,336000,63.47571635246277,0.0,0.0,0.0,10,100,6.0,3.0,3.0,10,100,217.89051866531372
168,0.1,0.05,0.05,100,1000,5.82,2.91,2.91,100,1000,250.20641726382664,2502.0641726382664,140.92013478279114,169,33800,338000,63.78067588806152,0.0,0.0,0.0,10,100,6.0,3.0,3.0,10,100,219.09730768203735
169,0.16,0.08,0.08,100,1000,5.8,2.9,2.9,100,1000,226.09267510670435,2260.9267510670434,141.80472779273987,170,34000,340000,64.06624817848206,0.0,0.0,0.0,10,100,6.0,3.0,3.0,10,100,220.36474657058716
170,0.14,0.07,0.07,100,1000,5.7,2.85,2.85,100,1000,213.15791346029727,2131.5791346029728,142.74299931526184,171,34200,342000,64.37161922454834,0.0,0.0,0.0,10,100,6.0,3.0,3.0,10,100,221.70786809921265
171,0.14,0.07,0.07,100,1000,5.82,2.91,2.91,100,1000,254.23799291409938,2542.3799291409937,143.52966380119324,172,34400,344000,64.6771867275238,0.0,0.0,0.0,10,100,6.0,3.0,3.0,10,100,222.90110278129578
172,0.1,0.05,0.05,100,1000,5.86,2.93,2.93,100,1000,218.94127589560276,2189.4127589560276,144.4431507587433,173,34600,346000,64.96212935447693,0.0,0.0,0.0,10,100,6.0,3.0,3.0,10,100,224.16874766349792
173,0.14,0.07,0.07,100,1000,5.86,2.93,2.93,100,1000,254.95808601993016,2549.5808601993017,145.22759342193604,174,34800,348000,65.4682149887085,0.0,0.0,0.0,10,100,6.0,3.0,3.0,10,100,225.55017685890198
174,0.08,0.04,0.04,100,1000,5.84,2.92,2.92,100,1000,226.49423248374453,2264.942324837445,146.11061811447144,175,35000,350000,65.82851552963257,0.0,0.0,0.0,10,100,6.0,3.0,3.0,10,100,226.89535450935364
175,0.04,0.02,0.02,100,1000,5.82,2.91,2.91,100,1000,213.86062080859867,2138.606208085987,147.04580664634705,176,35200,352000,66.13685202598572,0.0,0.0,0.0,10,100,6.0,3.0,3.0,10,100,228.20844149589539
176,0.1,0.05,0.05,100,1000,5.72,2.86,2.86,100,1000,260.7740398798686,2607.740398798686,147.81275415420532,177,35400,354000,66.49537515640259,2.0,1.0,1.0,10,100,6.0,3.0,3.0,10,100,229.40261888504028
177,1.86,0.93,0.93,100,1000,5.8,2.9,2.9,100,1000,259.44576405384004,2594.4576405384005,148.58362817764282,178,35600,356000,66.89672255516052,2.0,1.0,1.0,10,100,6.0,3.0,3.0,10,100,230.64275240898132
178,1.8,0.9,0.9,100,1000,5.9,2.95,2.95,100,1000,215.9791904662964,2159.7919046629636,149.50964331626892,179,35800,358000,67.12519240379333,2.0,1.0,1.0,10,100,6.0,3.0,3.0,10,100,231.86472916603088
179,1.86,0.93,0.93,100,1000,5.78,2.89,2.89,100,1000,237.32667538989284,2373.2667538989285,150.35236358642578,180,36000,360000,67.51709532737732,0.0,0.0,0.0,10,100,6.0,3.0,3.0,10,100,233.171728849411
180,0.12,0.06,0.06,100,1000,5.82,2.91,2.91,100,1000,243.44689785867578,2434.468978586758,151.17389798164368,181,36200,362000,67.8840537071228,0.0,0.0,0.0,10,100,0.0,0.0,0.0,10,100,234.46004724502563
181,0.04,0.02,0.02,100,1000,0.06,0.03,0.03,100,1000,231.67024125872774,2316.702412587277,152.03719401359558,182,36400,364000,68.26976418495178,2.0,1.0,1.0,10,100,0.0,0.0,0.0,10,100,235.81619787216187
182,1.72,0.86,0.86,100,1000,0.06,0.03,0.03,100,1000,217.89758101342565,2178.9758101342563,152.9550564289093,183,36600,366000,68.52323126792908,2.0,1.0,1.0,10,100,0.0,0.0,0.0,10,100,237.08597493171692
183,1.82,0.91,0.91,100,1000,0.06,0.03,0.03,100,1000,240.88921536054235,2408.8921536054236,153.7853136062622,184,36800,368000,68.8392562866211,2.0,1.0,1.0,10,100,0.0,0.0,0.0,10,100,238.33283734321594
184,1.66,0.83,0.83,100,1000,0.08,0.04,0.04,100,1000,211.72740431879475,2117.2740431879474,154.7299244403839,185,37000,370000,69.04778504371643,2.0,1.0,1.0,10,100,6.0,3.0,3.0,10,100,239.5535044670105
185,1.84,0.92,0.92,100,1000,5.92,2.96,2.96,100,1000,230.59335275147092,2305.933527514709,155.59725213050842,186,37200,372000,69.44442915916443,0.0,0.0,0.0,10,100,6.0,3.0,3.0,10,100,240.90150380134583
186,0.04,0.02,0.02,100,1000,5.94,2.97,2.97,100,1000,215.7076113707832,2157.076113707832,156.52443313598633,187,37400,374000,69.67337036132812,0.0,0.0,0.0,10,100,0.0,0.0,0.0,10,100,242.1292781829834
187,0.04,0.02,0.02,100,1000,0.04,0.02,0.02,100,1000,260.63953970689806,2606.395397068981,157.2917764186859,188,37600,376000,70.0335488319397,0.0,0.0,0.0,10,100,6.0,3.0,3.0,10,100,243.3404622077942
188,0.08,0.04,0.04,100,1000,5.74,2.87,2.87,100,1000,202.01509175511612,2020.1509175511612,158.28180146217346,189,37800,378000,70.3239357471466,0.0,0.0,0.0,10,100,6.0,3.0,3.0,10,100,244.70286583900452
189,0.1,0.05,0.05,100,1000,5.78,2.89,2.89,100,1000,198.60531782360638,1986.0531782360638,159.28882384300232,190,38000,380000,70.62747621536255,0.0,0.0,0.0,10,100,6.0,3.0,3.0,10,100,246.11263370513916
190,0.08,0.04,0.04,100,1000,5.8,2.9,2.9,100,1000,232.30744775538258,2323.074477553826,160.1497519016266,191,38200,382000,70.86360216140747,0.0,0.0,0.0,10,100,6.0,3.0,3.0,10,100,247.27929258346558
191,0.1,0.05,0.05,100,1000,5.76,2.88,2.88,100,1000,208.248557471865,2082.4855747186502,161.1101427078247,192,38400,384000,71.62952995300293,0.0,0.0,0.0,10,100,6.0,3.0,3.0,10,100,249.07379293441772
192,0.02,0.01,0.01,100,1000,5.8,2.9,2.9,100,1000,212.18852246498244,2121.8852246498245,162.05270075798035,193,38600,386000,72.03249931335449,0.0,0.0,0.0,10,100,6.0,3.0,3.0,10,100,250.4882369041443
193,0.1,0.05,0.05,100,1000,5.78,2.89,2.89,100,1000,253.14180284978144,2531.4180284978142,162.84277176856995,194,38800,388000,72.46050024032593,0.0,0.0,0.0,10,100,6.0,3.0,3.0,10,100,251.78566145896912
194,0.06,0.03,0.03,100,1000,5.78,2.89,2.89,100,1000,247.63074873942708,2476.307487394271,163.6504259109497,195,39000,390000,73.25434184074402,0.0,0.0,0.0,10,100,6.0,3.0,3.0,10,100,253.48975682258606
195,0.16,0.08,0.08,100,1000,5.92,2.96,2.96,100,1000,226.1821054604136,2261.821054604136,164.5346691608429,196,39200,392000,73.68762350082397,0.0,0.0,0.0,10,100,6.0,3.0,3.0,10,100,254.91054844856262
196,0.06,0.03,0.03,100,1000,5.86,2.93,2.93,100,1000,204.2619671962694,2042.619671962694,165.51380395889282,197,39400,394000,74.19273400306702,0.0,0.0,0.0,10,100,6.0,3.0,3.0,10,100,256.492312669754
197,0.12,0.06,0.06,100,1000,5.76,2.88,2.88,100,1000,193.76660946638816,1937.6660946638815,166.54597353935242,198,39600,396000,74.73250794410706,0.0,0.0,0.0,10,100,6.0,3.0,3.0,10,100,258.17254114151
198,0.06,0.03,0.03,100,1000,5.7,2.85,2.85,100,1000,219.3112171334797,2193.112171334797,167.45791959762573,199,39800,398000,74.94617557525635,0.0,0.0,0.0,10,100,6.0,3.0,3.0,10,100,259.38468837738037
199,0.04,0.02,0.02,100,1000,5.74,2.87,2.87,100,1000,247.9981102896679,2479.9811028966787,168.26437735557556,200,40000,400000,75.18642711639404,0.0,0.0,0.0,10,100,6.0,3.0,3.0,10,100,260.535178899765
200,0.14,0.07,0.07,100,1000,5.66,2.83,2.83,100,1000,232.62117442439583,2326.2117442439585,169.1241443157196,201,40200,402000,75.4225492477417,2.0,1.0,1.0,10,100,6.0,3.0,3.0,10,100,261.70337867736816
201,1.72,0.86,0.86,100,1000,5.86,2.93,2.93,100,1000,269.03464997241855,2690.346499724186,169.86754298210144,202,40400,404000,75.7312958240509,0.0,0.0,0.0,10,100,6.0,3.0,3.0,10,100,262.8473527431488
202,0.14,0.07,0.07,100,1000,5.7,2.85,2.85,100,1000,233.6088277017487,2336.088277017487,170.7236750125885,203,40600,406000,75.97325325012207,0.0,0.0,0.0,10,100,6.0,3.0,3.0,10,100,264.0268223285675
203,0.08,0.04,0.04,100,1000,5.8,2.9,2.9,100,1000,221.27388387181185,2212.738838718118,171.62753224372864,204,40800,408000,76.27220749855042,0.0,0.0,0.0,10,100,6.0,3.0,3.0,10,100,265.33193492889404
204,0.14,0.07,0.07,100,1000,5.8,2.9,2.9,100,1000,235.36702867016044,2353.6702867016043,172.47726893424988,205,41000,410000,76.5544946193695,2.0,1.0,1.0,10,100,6.0,3.0,3.0,10,100,266.54327869415283
205,1.72,0.86,0.86,100,1000,5.74,2.87,2.87,100,1000,272.02523152734597,2720.2523152734598,173.2124948501587,206,41200,412000,76.83782696723938,0.0,0.0,0.0,10,100,6.0,3.0,3.0,10,100,267.66269993782043
206,0.04,0.02,0.02,100,1000,5.76,2.88,2.88,100,1000,256.1277981414677,2561.277981414677,173.99335503578186,207,41400,414000,77.19571685791016,0.0,0.0,0.0,10,100,6.0,3.0,3.0,10,100,268.8712034225464
207,0.12,0.06,0.06,100,1000,5.86,2.93,2.93,100,1000,254.3679711227767,2543.6797112277673,174.7796175479889,208,41600,416000,77.56893634796143,0.0,0.0,0.0,10,100,6.0,3.0,3.0,10,100,270.13097977638245
208,0.14,0.07,0.07,100,1000,5.74,2.87,2.87,100,1000,249.696549002075,2496.96549002075,175.58058977127075,209,41800,418000,77.94738149642944,2.0,1.0,1.0,10,100,6.0,3.0,3.0,10,100,271.38382267951965
209,1.7,0.85,0.85,100,1000,5.76,2.88,2.88,100,1000,264.3197646628072,2643.197646628072,176.33724904060364,210,42000,420000,78.24772644042969,0.0,0.0,0.0,10,100,6.0,3.0,3.0,10,100,272.52585673332214
210,0.1,0.05,0.05,100,1000,5.74,2.87,2.87,100,1000,215.17521734635955,2151.752173463595,177.26672410964966,211,42200,422000,78.68689131736755,0.0,0.0,0.0,10,100,6.0,3.0,3.0,10,100,273.99377632141113
211,0.08,0.04,0.04,100,1000,5.88,2.94,2.94,100,1000,204.55838538367036,2045.5838538367036,178.24444007873535,212,42400,424000,79.38187050819397,0.0,0.0,0.0,10,100,6.0,3.0,3.0,10,100,275.7726411819458
212,0.04,0.02,0.02,100,1000,5.86,2.93,2.93,100,1000,283.1456183792337,2831.456183792337,178.95079040527344,213,42600,426000,80.17685198783875,0.0,0.0,0.0,10,100,6.0,3.0,3.0,10,100,277.34241914749146
213,0.08,0.04,0.04,100,1000,5.78,2.89,2.89,100,1000,291.71597797752685,2917.1597797752684,179.63638877868652,214,42800,428000,80.67125606536865,0.0,0.0,0.0,10,100,6.0,3.0,3.0,10,100,278.6028769016266
214,0.08,0.04,0.04,100,1000,5.78,2.89,2.89,100,1000,277.22834054444917,2772.2834054444916,180.35781574249268,215,43000,430000,80.96770548820496,0.0,0.0,0.0,10,100,6.0,3.0,3.0,10,100,279.69366908073425
215,0.04,0.02,0.02,100,1000,5.8,2.9,2.9,100,1000,258.090368155163,2580.9036815516297,181.13273811340332,216,43200,432000,81.2595694065094,0.0,0.0,0.0,10,100,6.0,3.0,3.0,10,100,280.8655614852905
216,0.08,0.04,0.04,100,1000,5.84,2.92,2.92,100,1000,263.0029512009378,2630.0295120093783,181.89318585395813,217,43400,434000,81.48736429214478,0.0,0.0,0.0,10,100,6.0,3.0,3.0,10,100,281.95479559898376
217,0.06,0.03,0.03,100,1000,5.76,2.88,2.88,100,1000,217.14278614280065,2171.4278614280065,182.8142387866974,218,43600,436000,81.73081254959106,0.0,0.0,0.0,10,100,6.0,3.0,3.0,10,100,283.1998932361603
218,0.02,0.01,0.01,100,1000,5.86,2.93,2.93,100,1000,222.48960769289323,2224.8960769289324,183.71315717697144,219,43800,438000,82.06943273544312,0.0,0.0,0.0,10,100,6.0,3.0,3.0,10,100,284.5191442966461
219,0.14,0.07,0.07,100,1000,5.8,2.9,2.9,100,1000,247.19561751696622,2471.956175169662,184.52223300933838,220,44000,440000,82.41315865516663,0.0,0.0,0.0,10,100,6.0,3.0,3.0,10,100,285.7503778934479
220,0.02,0.01,0.01,100,1000,5.84,2.92,2.92,100,1000,231.00833558000286,2310.0833558000286,185.38800263404846,221,44200,442000,82.74918150901794,4.0,2.0,2.0,10,100,6.0,3.0,3.0,10,100,287.0332741737366
221,3.56,1.78,1.78,100,1000,5.88,2.94,2.94,100,1000,287.224536264263,2872.2453626426304,186.084321975708,222,44400,444000,83.14968299865723,2.0,1.0,1.0,10,100,6.0,3.0,3.0,10,100,288.21009969711304
222,2.14,1.07,1.07,100,1000,5.84,2.92,2.92,100,1000,277.2583948206545,2772.5839482065444,186.80567073822021,223,44600,446000,83.39105725288391,2.0,1.0,1.0,10,100,6.0,3.0,3.0,10,100,289.248473405838
223,2.06,1.03,1.03,100,1000,5.88,2.94,2.94,100,1000,248.01651431372585,2480.1651431372584,187.6120686531067,224,44800,448000,83.67434453964233,4.0,2.0,2.0,10,100,6.0,3.0,3.0,10,100,290.439857006073
224,3.78,1.89,1.89,100,1000,5.78,2.89,2.89,100,1000,243.66384843046018,2436.6384843046017,188.4328715801239,225,45000,450000,83.9301404953003,4.0,2.0,2.0,10,100,6.0,3.0,3.0,10,100,291.5941586494446
225,3.84,1.92,1.92,100,1000,5.72,2.86,2.86,100,1000,240.36284479811758,2403.6284479811757,189.26494693756104,226,45200,452000,84.17872309684753,0.0,0.0,0.0,10,100,6.0,3.0,3.0,10,100,292.77672958374023
226,0.12,0.06,0.06,100,1000,5.74,2.87,2.87,100,1000,239.01244979976892,2390.124497997689,190.1017234325409,227,45400,454000,84.43435573577881,2.0,1.0,1.0,10,100,6.0,3.0,3.0,10,100,293.9382448196411
227,1.92,0.96,0.96,100,1000,5.84,2.92,2.92,100,1000,232.9508861378165,2329.508861378165,190.9602735042572,228,45600,456000,84.73843598365784,0.0,0.0,0.0,10,100,6.0,3.0,3.0,10,100,295.19889092445374
228,0.1,0.05,0.05,100,1000,5.8,2.9,2.9,100,1000,207.33437932224268,2073.343793222427,191.92489886283875,229,45800,458000,85.04212617874146,0.0,0.0,0.0,10,100,6.0,3.0,3.0,10,100,296.5680932998657
229,0.22,0.11,0.11,100,1000,5.84,2.92,2.92,100,1000,217.96914666119272,2179.6914666119274,192.84245991706848,230,46000,460000,85.29585433006287,0.0,0.0,0.0,10,100,6.0,3.0,3.0,10,100,297.80821537971497
230,0.1,0.05,0.05,100,1000,5.8,2.9,2.9,100,1000,264.6325382313935,2646.325382313935,193.59822487831116,231,46200,462000,85.57755494117737,0.0,0.0,0.0,10,100,6.0,3.0,3.0,10,100,298.9533863067627
231,0.1,0.05,0.05,100,1000,5.86,2.93,2.93,100,1000,210.96156090180787,2109.615609018079,194.54626488685608,232,46400,464000,85.85301542282104,0.0,0.0,0.0,10,100,6.0,3.0,3.0,10,100,300.2455050945282
232,0.1,0.05,0.05,100,1000,5.86,2.93,2.93,100,1000,277.356391348351,2773.5639134835096,195.26735877990723,233,46600,466000,86.32568383216858,0.0,0.0,0.0,10,100,6.0,3.0,3.0,10,100,301.5079867839813
233,0.08,0.04,0.04,100,1000,5.92,2.96,2.96,100,1000,249.80183764355195,2498.0183764355193,196.06799340248108,234,46800,468000,86.73580551147461,0.0,0.0,0.0,10,100,6.0,3.0,3.0,10,100,302.8170042037964
234,0.32,0.16,0.16,100,1000,5.94,2.97,2.97,100,1000,226.7956940058955,2267.956940058955,196.94984436035156,235,47000,470000,87.12382221221924,0.0,0.0,0.0,10,100,6.0,3.0,3.0,10,100,304.16641879081726
235,0.06,0.03,0.03,100,1000,5.9,2.95,2.95,100,1000,243.8134212641164,2438.134212641164,197.7701437473297,236,47200,472000,87.42448115348816,0.0,0.0,0.0,10,100,6.0,3.0,3.0,10,100,305.3569805622101
236,0.02,0.01,0.01,100,1000,5.84,2.92,2.92,100,1000,249.53195327296572,2495.319532729657,198.57164430618286,237,47400,474000,87.77882266044617,0.0,0.0,0.0,10,100,6.0,3.0,3.0,10,100,306.58108258247375
237,0.1,0.05,0.05,100,1000,5.68,2.84,2.84,100,1000,265.7957006827552,2657.957006827552,199.32410192489624,238,47600,476000,88.21628952026367,0.0,0.0,0.0,10,100,6.0,3.0,3.0,10,100,307.8784794807434
238,0.02,0.01,0.01,100,1000,5.76,2.88,2.88,100,1000,224.3974103612301,2243.974103612301,200.2153778076172,239,47800,478000,88.51447319984436,2.0,1.0,1.0,10,100,6.0,3.0,3.0,10,100,309.15317130088806
239,1.8,0.9,0.9,100,1000,5.76,2.88,2.88,100,1000,201.36272452728917,2013.6272452728917,201.2086102962494,240,48000,480000,88.90107750892639,0.0,0.0,0.0,10,100,6.0,3.0,3.0,10,100,310.63503646850586
240,0.14,0.07,0.07,100,1000,5.82,2.91,2.91,100,1000,234.06511047530077,2340.651104753008,202.06307339668274,241,48200,482000,89.20495581626892,0.0,0.0,0.0,10,100,6.0,3.0,3.0,10,100,311.86823177337646
241,0.04,0.02,0.02,100,1000,5.7,2.85,2.85,100,1000,263.47727736009125,2634.7727736009124,202.82215213775635,242,48400,484000,89.66077423095703,0.0,0.0,0.0,10,100,6.0,3.0,3.0,10,100,313.16364645957947
242,0.1,0.05,0.05,100,1000,5.76,2.88,2.88,100,1000,256.7882792054834,2567.8827920548338,203.60100388526917,243,48600,486000,90.07083678245544,4.0,2.0,2.0,10,100,6.0,3.0,3.0,10,100,314.4299807548523
243,3.84,1.92,1.92,100,1000,5.84,2.92,2.92,100,1000,233.8742980515791,2338.742980515791,204.4561641216278,244,48800,488000,90.37672400474548,0.0,0.0,0.0,10,100,10.0,5.0,5.0,10,100,315.65954327583313
244,0.04,0.02,0.02,100,1000,9.64,4.82,4.82,100,1000,244.09933785433378,2440.9933785433377,205.27550268173218,245,49000,490000,90.6421172618866,0.0,0.0,0.0,10,100,6.0,3.0,3.0,10,100,316.8438832759857
245,0.08,0.04,0.04,100,1000,5.7,2.85,2.85,100,1000,220.46826399082238,2204.682639908224,206.1826627254486,246,49200,492000,90.92791604995728,0.0,0.0,0.0,10,100,10.0,5.0,5.0,10,100,318.1248800754547
246,0.06,0.03,0.03,100,1000,9.72,4.86,4.86,100,1000,258.6754850893087,2586.754850893087,206.9558322429657,247,49400,494000,91.15916585922241,0.0,0.0,0.0,10,100,10.0,5.0,5.0,10,100,319.19664430618286
247,0.04,0.02,0.02,100,1000,9.76,4.88,4.88,100,1000,248.08392128726942,2480.839212872694,207.76201105117798,248,49600,496000,91.49939346313477,0.0,0.0,0.0,10,100,6.0,3.0,3.0,10,100,320.4440326690674
248,0.06,0.03,0.03,100,1000,5.8,2.9,2.9,100,1000,223.09474988763625,2230.9474988763627,208.65849113464355,249,49800,498000,91.79834651947021,0.0,0.0,0.0,10,100,2.0,1.0,1.0,10,100,321.719774723053
249,0.12,0.06,0.06,100,1000,2.02,1.01,1.01,100,1000,241.09310612213693,2410.9310612213694,209.488046169281,250,50000,500000,92.1094663143158,0.0,0.0,0.0,10,100,6.0,3.0,3.0,10,100,322.9299874305725
250,0.04,0.02,0.02,100,1000,5.88,2.94,2.94,100,1000,223.57053688220063,2235.705368822006,210.3826184272766,251,50200,502000,92.47630953788757,0.0,0.0,0.0,10,100,6.0,3.0,3.0,10,100,324.292911529541
251,0.12,0.06,0.06,100,1000,5.64,2.82,2.82,100,1000,250.9626718586765,2509.626718586765,211.17954969406128,252,50400,504000,92.8627495765686,0.0,0.0,0.0,10,100,6.0,3.0,3.0,10,100,325.5447361469269
252,0.08,0.04,0.04,100,1000,5.58,2.79,2.79,100,1000,272.0975847413233,2720.975847413233,211.91458010673523,253,50600,506000,93.31346988677979,0.0,0.0,0.0,10,100,6.0,3.0,3.0,10,100,326.82050013542175
253,0.06,0.03,0.03,100,1000,5.46,2.73,2.73,100,1000,283.05829268967545,2830.5829268967545,212.62114834785461,254,50800,508000,93.73661684989929,0.0,0.0,0.0,10,100,10.0,5.0,5.0,10,100,328.03532218933105
254,0.02,0.01,0.01,100,1000,9.34,4.67,4.67,100,1000,243.54839505749885,2435.4839505749887,213.44234037399292,255,51000,510000,94.10570454597473,2.0,1.0,1.0,10,100,6.0,3.0,3.0,10,100,329.29446744918823
255,1.9,0.95,0.95,100,1000,5.7,2.85,2.85,100,1000,245.5856917180267,2455.856917180267,214.25672006607056,256,51200,512000,94.43918967247009,2.0,1.0,1.0,10,100,6.0,3.0,3.0,10,100,330.5111162662506
256,2.12,1.06,1.06,100,1000,5.68,2.84,2.84,100,1000,246.12625702192383,2461.2625702192386,215.06931114196777,257,51400,514000,94.81011867523193,0.0,0.0,0.0,10,100,6.0,3.0,3.0,10,100,331.78660583496094
257,0.04,0.02,0.02,100,1000,5.76,2.88,2.88,100,1000,260.3799260013409,2603.7992600134094,215.8374195098877,258,51600,516000,95.16504001617432,0.0,0.0,0.0,10,100,6.0,3.0,3.0,10,100,332.9778804779053
258,0.06,0.03,0.03,100,1000,5.66,2.83,2.83,100,1000,229.57831589087883,2295.783158908788,216.70858192443848,259,51800,518000,95.43172192573547,0.0,0.0,0.0,10,100,10.0,5.0,5.0,10,100,334.1978123188019
259,0.08,0.04,0.04,100,1000,9.6,4.8,4.8,100,1000,252.0451040301759,2520.4510403017593,217.50209069252014,260,52000,520000,95.73047494888306,0.0,0.0,0.0,10,100,10.0,5.0,5.0,10,100,335.35859990119934
260,0.06,0.03,0.03,100,1000,9.52,4.76,4.76,100,1000,256.65675870414253,2566.567587041425,218.28134155273438,261,52200,522000,96.11103582382202,2.0,1.0,1.0,10,100,6.0,3.0,3.0,10,100,336.5874271392822
261,1.94,0.97,0.97,100,1000,5.86,2.93,2.93,100,1000,222.9125716182285,2229.125716182285,219.17855429649353,262,52400,524000,96.51177334785461,0.0,0.0,0.0,10,100,6.0,3.0,3.0,10,100,337.9860110282898
262,0.16,0.08,0.08,100,1000,5.8,2.9,2.9,100,1000,219.49708771397323,2194.9708771397322,220.08972811698914,263,52600,526000,96.75508689880371,0.0,0.0,0.0,10,100,6.0,3.0,3.0,10,100,339.2253897190094
263,0.1,0.05,0.05,100,1000,5.8,2.9,2.9,100,1000,227.45892993590505,2274.5892993590505,220.969007730484,264,52800,528000,97.08507251739502,0.0,0.0,0.0,10,100,6.0,3.0,3.0,10,100,340.5033869743347
264,0.12,0.06,0.06,100,1000,5.98,2.99,2.99,100,1000,246.9257354324228,2469.2573543242283,221.77896785736084,265,53000,530000,97.32404112815857,0.0,0.0,0.0,10,100,10.0,5.0,5.0,10,100,341.6213004589081
265,0.2,0.1,0.1,100,1000,9.6,4.8,4.8,100,1000,215.65055009013068,2156.5055009013067,222.70639419555664,266,53200,532000,97.64900708198547,0.0,0.0,0.0,10,100,6.0,3.0,3.0,10,100,342.95067501068115
266,0.04,0.02,0.02,100,1000,5.76,2.88,2.88,100,1000,269.3202916590282,2693.2029165902823,223.4490044116974,267,53400,534000,98.09766435623169,0.0,0.0,0.0,10,100,6.0,3.0,3.0,10,100,344.22257351875305
267,0.06,0.03,0.03,100,1000,5.72,2.86,2.86,100,1000,229.06719773199495,2290.6719773199497,224.32211065292358,268,53600,536000,98.36691737174988,0.0,0.0,0.0,10,100,10.0,5.0,5.0,10,100,345.44379448890686
268,0.04,0.02,0.02,100,1000,9.56,4.78,4.78,100,1000,241.52959962776964,2415.2959962776963,225.15016651153564,269,53800,538000,98.70846390724182,0.0,0.0,0.0,10,100,6.0,3.0,3.0,10,100,346.6862225532532
269,0.1,0.05,0.05,100,1000,5.84,2.92,2.92,100,1000,210.4829365109236,2104.829365109236,226.1003623008728,270,54000,540000,99.03354072570801,0.0,0.0,0.0,10,100,10.0,5.0,5.0,10,100,348.0574300289154
270,0.16,0.08,0.08,100,1000,9.76,4.88,4.88,100,1000,275.0063927467568,2750.0639274675673,226.82761812210083,271,54200,542000,99.32874894142151,0.0,0.0,0.0,10,100,6.0,3.0,3.0,10,100,349.1536841392517
271,0.12,0.06,0.06,100,1000,5.62,2.81,2.81,100,1000,237.78264760348168,2377.8264760348166,227.66872239112854,272,54400,544000,99.57399296760559,0.0,0.0,0.0,10,100,6.0,3.0,3.0,10,100,350.33822679519653
272,0.06,0.03,0.03,100,1000,5.82,2.91,2.91,100,1000,229.68763048709798,2296.8763048709798,228.53947019577026,273,54600,546000,99.78968501091003,0.0,0.0,0.0,10,100,6.0,3.0,3.0,10,100,351.4930169582367
273,0.04,0.02,0.02,100,1000,5.76,2.88,2.88,100,1000,262.94598525502784,2629.4598525502784,229.30008268356323,274,54800,548000,100.19973421096802,0.0,0.0,0.0,10,100,2.0,1.0,1.0,10,100,352.74615693092346
274,0.12,0.06,0.06,100,1000,2.06,1.03,1.03,100,1000,236.43195140023917,2364.3195140023918,230.14599204063416,275,55000,550000,100.53533267974854,2.0,1.0,1.0,10,100,6.0,3.0,3.0,10,100,353.9960298538208
275,1.8,0.9,0.9,100,1000,5.7,2.85,2.85,100,1000,278.8077280113323,2788.077280113323,230.86333227157593,276,55200,552000,100.89384508132935,2.0,1.0,1.0,10,100,6.0,3.0,3.0,10,100,355.1407401561737
276,2.04,1.02,1.02,100,1000,5.8,2.9,2.9,100,1000,283.5956154724882,2835.956154724882,231.56856179237366,277,55400,554000,101.31857180595398,0.0,0.0,0.0,10,100,6.0,3.0,3.0,10,100,356.3509466648102
277,0.14,0.07,0.07,100,1000,5.86,2.93,2.93,100,1000,270.6139633523375,2706.1396335233753,232.30762195587158,278,55600,556000,101.7043309211731,2.0,1.0,1.0,10,100,6.0,3.0,3.0,10,100,357.5465626716614
278,1.96,0.98,0.98,100,1000,5.78,2.89,2.89,100,1000,224.77212255998714,2247.7212255998716,233.19741201400757,279,55800,558000,102.0464220046997,0.0,0.0,0.0,10,100,6.0,3.0,3.0,10,100,358.84755277633667
279,0.0,0.0,0.0,100,1000,5.76,2.88,2.88,100,1000,226.0729940777373,2260.7299407773726,234.08208203315735,280,56000,560000,102.50043177604675,0.0,0.0,0.0,10,100,6.0,3.0,3.0,10,100,360.25507068634033
280,0.18,0.09,0.09,100,1000,5.74,2.87,2.87,100,1000,247.38245687709068,2473.824568770907,234.89054679870605,281,56200,562000,102.81654262542725,0.0,0.0,0.0,10,100,10.0,5.0,5.0,10,100,361.4793767929077
281,0.14,0.07,0.07,100,1000,9.64,4.82,4.82,100,1000,227.61600370758185,2276.1600370758183,235.76921963691711,282,56400,564000,103.04657244682312,0.0,0.0,0.0,10,100,6.0,3.0,3.0,10,100,362.65733098983765
282,0.06,0.03,0.03,100,1000,5.82,2.91,2.91,100,1000,242.8635907911921,2428.635907911921,236.59272718429565,283,56600,566000,103.3831582069397,0.0,0.0,0.0,10,100,6.0,3.0,3.0,10,100,363.92022705078125
283,0.08,0.04,0.04,100,1000,5.82,2.91,2.91,100,1000,218.44798590867828,2184.4798590867827,237.5082769393921,284,56800,568000,103.73853325843811,2.0,1.0,1.0,10,100,6.0,3.0,3.0,10,100,365.2591435909271
284,2.06,1.03,1.03,100,1000,5.82,2.91,2.91,100,1000,276.7257156806471,2767.257156806471,238.23101425170898,285,57000,570000,104.13949680328369,0.0,0.0,0.0,10,100,6.0,3.0,3.0,10,100,366.48495984077454
285,0.12,0.06,0.06,100,1000,5.8,2.9,2.9,100,1000,229.76022910813862,2297.6022910813863,239.10148692131042,286,57200,572000,104.47733283042908,0.0,0.0,0.0,10,100,6.0,3.0,3.0,10,100,367.777596950531
286,0.02,0.01,0.01,100,1000,5.78,2.89,2.89,100,1000,275.9485867541778,2759.485867541778,239.8262596130371,287,57400,574000,104.87708473205566,2.0,1.0,1.0,10,100,6.0,3.0,3.0,10,100,368.97815227508545
287,2.12,1.06,1.06,100,1000,5.78,2.89,2.89,100,1000,266.50349752545867,2665.0349752545862,240.57671880722046,288,57600,576000,105.20337247848511,0.0,0.0,0.0,10,100,6.0,3.0,3.0,10,100,370.12252402305603
288,0.02,0.01,0.01,100,1000,5.66,2.83,2.83,100,1000,228.26759142627245,2282.6759142627243,241.45288348197937,289,57800,578000,105.50720620155334,2.0,1.0,1.0,10,100,6.0,3.0,3.0,10,100,371.39920449256897
289,2.02,1.01,1.01,100,1000,5.88,2.94,2.94,100,1000,242.89706433786537,2428.9706433786537,242.27627754211426,290,58000,580000,105.73146200180054,0.0,0.0,0.0,10,100,6.0,3.0,3.0,10,100,372.5145046710968
290,0.0,0.0,0.0,100,1000,5.68,2.84,2.84,100,1000,247.29581812044626,2472.9581812044626,243.08502554893494,291,58200,582000,105.98136258125305,2.0,1.0,1.0,10,100,6.0,3.0,3.0,10,100,373.64215183258057
291,2.08,1.04,1.04,100,1000,5.84,2.92,2.92,100,1000,229.7478954312021,2297.478954312021,243.95554494857788,292,58400,584000,106.31025123596191,0.0,0.0,0.0,10,100,10.0,5.0,5.0,10,100,374.9096305370331
292,0.02,0.01,0.01,100,1000,9.54,4.77,4.77,100,1000,244.20863128188304,2442.0863128188303,244.7745168209076,293,58600,586000,106.64422416687012,2.0,1.0,1.0,10,100,4.0,2.0,2.0,10,100,376.1592392921448
293,1.82,0.91,0.91,100,1000,3.82,1.91,1.91,100,1000,221.46192823178848,2214.619282317885,245.6776065826416,294,58800,588000,106.91379380226135,0.0,0.0,0.0,10,100,6.0,3.0,3.0,10,100,377.42935705184937
294,0.02,0.01,0.01,100,1000,5.7,2.85,2.85,100,1000,215.97996897508352,2159.799689750835,246.6036183834076,295,59000,590000,107.16612529754639,4.0,2.0,2.0,10,100,6.0,3.0,3.0,10,100,378.6767659187317
295,3.78,1.89,1.89,100,1000,5.82,2.91,2.91,100,1000,252.70567977208734,2527.0567977208734,247.39505290985107,296,59200,592000,107.40202927589417,2.0,1.0,1.0,10,100,6.0,3.0,3.0,10,100,379.7718975543976
296,2.08,1.04,1.04,100,1000,5.72,2.86,2.86,100,1000,235.979878462855,2359.79878462855,248.24258279800415,297,59400,594000,107.73529601097107,0.0,0.0,0.0,10,100,6.0,3.0,3.0,10,100,381.02954840660095
297,0.08,0.04,0.04,100,1000,5.82,2.91,2.91,100,1000,239.30366198211686,2393.0366198211686,249.07834100723267,298,59600,596000,108.13489747047424,0.0,0.0,0.0,10,100,6.0,3.0,3.0,10,100,382.335533618927
298,0.0,0.0,0.0,100,1000,5.78,2.89,2.89,100,1000,226.01786888249433,2260.178688824943,249.96322679519653,299,59800,598000,108.51996064186096,0.0,0.0,0.0,10,100,6.0,3.0,3.0,10,100,383.6913688182831
299,0.08,0.04,0.04,100,1000,5.78,2.89,2.89,100,1000,216.86642456669284,2168.6642456669283,250.8854534626007,300,60000,600000,108.77390789985657,2.0,1.0,1.0,10,100,6.0,3.0,3.0,10,100,384.937472820282
