,sampling/mean_reward,sampling/0/mean_reward,sampling/1/mean_reward,sampling/episodes,sampling/samples,sampling/episodes_per_s,sampling/samples_per_s,sampling/total_time_s,total_iterations,total_episodes,total_samples,learning/total_time_s,eval/mean_reward,eval/0/mean_reward,eval/1/mean_reward,eval/episodes,eval/samples,total_time_s
0,0.06,0.03,0.03,100,1000,84.35385587235456,843.5385587235455,1.1854822635650635,1,100,1000,4.9579918384552,0.0,0.0,0.0,10,100,6.248253345489502
1,0.0,0.0,0.0,100,1000,109.27020401357832,1092.7020401357834,2.100644826889038,2,200,2000,7.842367887496948,6.0,3.0,3.0,10,100,10.14797830581665
2,5.7,2.85,2.85,100,1000,111.49011932618491,1114.9011932618491,2.9975852966308594,3,300,3000,10.436727046966553,20.0,10.0,10.0,10,100,13.738161325454712
3,19.66,9.83,9.83,100,1000,110.55793973315662,1105.5793973315663,3.9020884037017822,4,400,4000,13.548434257507324,20.0,10.0,10.0,10,100,17.840120553970337
4,19.76,9.88,9.88,100,1000,114.28804986238198,1142.88049862382,4.77707052230835,5,500,5000,16.39393162727356,20.0,10.0,10.0,10,100,21.680274963378906
5,19.6,9.8,9.8,100,1000,110.03334865398621,1100.333486539862,5.685885906219482,6,600,6000,19.04611587524414,20.0,10.0,10.0,10,100,25.329877138137817
6,19.66,9.83,9.83,100,1000,109.404534507534,1094.04534507534,6.599924802780151,7,700,7000,21.56096386909485,20.0,10.0,10.0,10,100,28.886794805526733
7,19.66,9.83,9.83,100,1000,116.22920378235733,1162.2920378235733,7.460293769836426,8,800,8000,24.25360655784607,20.0,10.0,10.0,10,100,32.52136993408203
8,19.68,9.84,9.84,100,1000,112.14281799235056,1121.4281799235057,8.35201382637024,9,900,9000,27.12834668159485,20.0,10.0,10.0,10,100,36.37303400039673
9,19.64,9.82,9.82,100,1000,99.73769033858183,997.3769033858182,9.354643821716309,10,1000,10000,29.49333906173706,20.0,10.0,10.0,10,100,39.82162261009216
10,19.5,9.75,9.75,100,1000,114.237000354888,1142.3700035488798,10.230016946792603,11,1100,11000,32.698378562927246,20.0,10.0,10.0,10,100,43.98680567741394
11,19.56,9.78,9.78,100,1000,116.76002987548448,1167.6002987548447,11.086474418640137,12,1200,12000,35.492340087890625,20.0,10.0,10.0,10,100,47.729830265045166
12,19.62,9.81,9.81,100,1000,106.21217699936136,1062.1217699936135,12.0279860496521,13,1300,13000,38.629318952560425,20.0,10.0,10.0,10,100,51.950226068496704
13,19.66,9.83,9.83,100,1000,111.34397085834564,1113.4397085834564,12.926103830337524,14,1400,14000,41.71872591972351,20.0,10.0,10.0,10,100,56.05674743652344
14,19.64,9.82,9.82,100,1000,108.63204765374115,1086.3204765374114,13.84664249420166,15,1500,15000,44.97806119918823,20.0,10.0,10.0,10,100,60.32842993736267
15,19.74,9.87,9.87,100,1000,105.56355628264015,1055.6355628264016,14.793939113616943,16,1600,16000,48.36691188812256,20.0,10.0,10.0,10,100,64.7501323223114
16,19.66,9.83,9.83,100,1000,103.96011235008174,1039.6011235008175,15.755846500396729,17,1700,17000,51.77364420890808,20.0,10.0,10.0,10,100,69.21506261825562
17,19.76,9.88,9.88,100,1000,106.55669985757902,1065.5669985757902,16.694314002990723,18,1800,18000,54.54241585731506,20.0,10.0,10.0,10,100,73.01581072807312
18,19.7,9.85,9.85,100,1000,103.1949233942715,1031.949233942715,17.66335391998291,19,1900,19000,57.37753486633301,20.0,10.0,10.0,10,100,76.91525483131409
19,19.56,9.78,9.78,100,1000,102.62933748192678,1026.2933748192677,18.637734174728394,20,2000,20000,60.54967451095581,18.0,9.0,9.0,10,100,81.1585385799408
20,17.8,8.9,8.9,100,1000,103.30177201173132,1033.017720117313,19.605771780014038,21,2100,21000,63.90956974029541,18.0,9.0,9.0,10,100,85.58136677742004
21,17.84,8.92,8.92,100,1000,106.58196293279902,1065.8196293279902,20.54401683807373,22,2200,22000,67.19063806533813,18.0,9.0,9.0,10,100,89.89258790016174
22,17.98,8.99,8.99,100,1000,101.48917430482292,1014.8917430482293,21.529343605041504,23,2300,23000,70.07058048248291,18.0,9.0,9.0,10,100,93.85561800003052
23,17.78,8.89,8.89,100,1000,102.7987970912549,1027.987970912549,22.50211763381958,24,2400,24000,72.92280960083008,18.0,9.0,9.0,10,100,97.79339742660522
24,17.92,8.96,8.96,100,1000,103.94411314763033,1039.4411314763033,23.464173078536987,25,2500,25000,76.06628894805908,18.0,9.0,9.0,10,100,102.00432181358337
25,17.78,8.89,8.89,100,1000,95.08834254713548,950.8834254713548,24.51582670211792,26,2600,26000,79.00233006477356,18.0,9.0,9.0,10,100,106.10203504562378
26,17.88,8.94,8.94,100,1000,108.27911164899665,1082.7911164899665,25.43936586380005,27,2700,27000,81.74570679664612,18.0,9.0,9.0,10,100,109.86796593666077
27,17.84,8.92,8.92,100,1000,109.0672410354344,1090.672410354344,26.356231451034546,28,2800,28000,84.83761763572693,18.0,9.0,9.0,10,100,113.97596883773804
28,17.86,8.93,8.93,100,1000,108.53149979972034,1085.3149979972034,27.277622938156128,29,2900,29000,87.7480399608612,20.0,10.0,10.0,10,100,117.91732740402222
29,19.8,9.9,9.9,100,1000,105.78608446333469,1057.860844633347,28.22292685508728,30,3000,30000,90.92163252830505,20.0,10.0,10.0,10,100,122.15873742103577
30,19.48,9.74,9.74,100,1000,107.50609323644987,1075.0609323644987,29.153106689453125,31,3100,31000,94.18857669830322,18.0,9.0,9.0,10,100,126.46586275100708
31,17.82,8.91,8.91,100,1000,116.43570447240043,1164.3570447240043,30.01194977760315,32,3200,32000,97.10795402526855,18.0,9.0,9.0,10,100,130.3493902683258
32,17.82,8.91,8.91,100,1000,98.02620293085049,980.2620293085049,31.032085180282593,33,3300,33000,100.32885909080505,18.0,9.0,9.0,10,100,134.68057823181152
33,17.84,8.92,8.92,100,1000,108.64870647728866,1086.4870647728865,31.9524827003479,34,3400,34000,103.44162321090698,20.0,10.0,10.0,10,100,138.80388402938843
34,19.64,9.82,9.82,100,1000,105.07586884856568,1050.7586884856569,32.904175996780396,35,3500,35000,106.33443021774292,20.0,10.0,10.0,10,100,142.733980178833
35,19.56,9.78,9.78,100,1000,100.00071526085326,1000.0071526085325,33.90416884422302,36,3600,36000,109.61438465118408,20.0,10.0,10.0,10,100,147.1143879890442
36,19.54,9.77,9.77,100,1000,98.04490102951372,980.4490102951372,34.92410969734192,37,3700,37000,112.49168491363525,20.0,10.0,10.0,10,100,151.10327219963074
37,19.62,9.81,9.81,100,1000,106.23673878370536,1062.3673878370537,35.86540365219116,38,3800,38000,115.51817107200623,18.0,9.0,9.0,10,100,155.17602062225342
38,17.94,8.97,8.97,100,1000,100.61668230342246,1006.1668230342246,36.8592746257782,39,3900,39000,118.36455154418945,20.0,10.0,10.0,10,100,159.11470770835876
39,19.62,9.81,9.81,100,1000,102.70777226483854,1027.0777226483854,37.832910776138306,40,4000,40000,121.42863202095032,20.0,10.0,10.0,10,100,163.26664280891418
40,19.54,9.77,9.77,100,1000,104.44873542517814,1044.4873542517814,38.79031825065613,41,4100,41000,124.3951346874237,20.0,10.0,10.0,10,100,167.30201983451843
41,19.5,9.75,9.75,100,1000,102.82356984717563,1028.2356984717562,39.76285791397095,42,4200,42000,127.1566333770752,20.0,10.0,10.0,10,100,171.12548303604126
42,19.62,9.81,9.81,100,1000,112.30652693541343,1123.0652693541342,40.6532781124115,43,4300,43000,129.41867685317993,18.0,9.0,9.0,10,100,174.3750982284546
43,17.76,8.88,8.88,100,1000,116.8784621759498,1168.7846217594981,41.5088677406311,44,4400,44000,131.26227498054504,20.0,10.0,10.0,10,100,177.16878843307495
44,19.48,9.74,9.74,100,1000,96.69203053992614,966.9203053992615,42.543079137802124,45,4500,45000,134.10253047943115,20.0,10.0,10.0,10,100,181.14655327796936
45,19.54,9.77,9.77,100,1000,112.60248324978248,1126.0248324978247,43.431159019470215,46,4600,46000,137.1880235671997,18.0,9.0,9.0,10,100,185.22386360168457
46,17.82,8.91,8.91,100,1000,103.37973499833136,1033.7973499833136,44.39846658706665,47,4700,47000,140.3961000442505,20.0,10.0,10.0,10,100,189.58853578567505
47,19.54,9.77,9.77,100,1000,74.6090424443808,746.090424443808,45.738786697387695,48,4800,48000,143.80336165428162,20.0,10.0,10.0,10,100,194.43414998054504
48,19.56,9.78,9.78,100,1000,87.81458855963946,878.1458855963946,46.87754964828491,49,4900,49000,146.69989156723022,20.0,10.0,10.0,10,100,198.57577681541443
49,19.78,9.89,9.89,100,1000,100.20421639484002,1002.0421639484002,47.87551164627075,50,5000,50000,149.6476800441742,20.0,10.0,10.0,10,100,202.6432011127472
50,19.56,9.78,9.78,100,1000,88.299222143183,882.99222143183,49.00802445411682,51,5100,51000,152.5843005180359,20.0,10.0,10.0,10,100,206.8021469116211
51,19.42,9.71,9.71,100,1000,101.35541564549344,1013.5541564549344,49.994651556015015,52,5200,52000,155.32599687576294,20.0,10.0,10.0,10,100,210.62208771705627
52,19.78,9.89,9.89,100,1000,106.8088100440879,1068.088100440879,50.930903911590576,53,5300,53000,157.75357103347778,20.0,10.0,10.0,10,100,214.10570740699768
53,19.68,9.84,9.84,100,1000,103.68551303922632,1036.8551303922632,51.89535880088806,54,5400,54000,159.85111570358276,18.0,9.0,9.0,10,100,217.27348256111145
54,17.82,8.91,8.91,100,1000,111.24996750802751,1112.499675080275,52.79423546791077,55,5500,55000,162.00188851356506,20.0,10.0,10.0,10,100,220.45069885253906
55,19.66,9.83,9.83,100,1000,115.26752549497685,1152.6752549497685,53.66178250312805,56,5600,56000,164.85489416122437,20.0,10.0,10.0,10,100,224.26393842697144
56,19.62,9.81,9.81,100,1000,98.21612725864328,982.1612725864328,54.67994523048401,57,5700,57000,167.58048248291016,18.0,9.0,9.0,10,100,228.10492944717407
57,17.92,8.96,8.96,100,1000,113.99299893462049,1139.9299893462048,55.55719208717346,58,5800,58000,169.92664647102356,20.0,10.0,10.0,10,100,231.43413090705872
58,19.66,9.83,9.83,100,1000,115.03500579110181,1150.350057911018,56.42649269104004,59,5900,59000,172.21200013160706,20.0,10.0,10.0,10,100,234.68509721755981
59,19.78,9.89,9.89,100,1000,107.09070900962317,1070.9070900962317,57.36028051376343,60,6000,60000,174.85551691055298,20.0,10.0,10.0,10,100,238.3560073375702
60,19.78,9.89,9.89,100,1000,112.36426314585346,1123.6426314585347,58.250243186950684,61,6100,61000,177.12595510482788,20.0,10.0,10.0,10,100,241.60974645614624
61,19.52,9.76,9.76,100,1000,105.83469233834064,1058.3469233834064,59.19511294364929,62,6200,62000,179.70965909957886,20.0,10.0,10.0,10,100,245.2389853000641
62,19.64,9.82,9.82,100,1000,105.20453826606692,1052.0453826606692,60.14564228057861,63,6300,63000,181.71491193771362,20.0,10.0,10.0,10,100,248.29206657409668
63,19.46,9.73,9.73,100,1000,100.88849526358757,1008.8849526358757,61.13683557510376,64,6400,64000,183.784987449646,18.0,9.0,9.0,10,100,251.45015716552734
64,17.92,8.96,8.96,100,1000,106.43999011301514,1064.3999011301514,62.076332092285156,65,6500,65000,186.38237953186035,20.0,10.0,10.0,10,100,255.079035282135
65,19.54,9.77,9.77,100,1000,106.98851704103556,1069.8851704103556,63.011011838912964,66,6600,66000,189.1392707824707,18.0,9.0,9.0,10,100,258.86081314086914
66,17.88,8.94,8.94,100,1000,98.64742405181038,986.4742405181037,64.02472305297852,67,6700,67000,191.8026921749115,18.0,9.0,9.0,10,100,262.6565623283386
67,17.74,8.87,8.87,100,1000,104.39648074455131,1043.964807445513,64.98260974884033,68,6800,68000,194.80975604057312,20.0,10.0,10.0,10,100,266.7299828529358
68,19.26,9.63,9.63,100,1000,103.08289903941271,1030.828990394127,65.95270276069641,69,6900,69000,197.6628749370575,18.0,9.0,9.0,10,100,270.65329694747925
69,17.86,8.93,8.93,100,1000,103.81763281765733,1038.1763281765732,66.91593027114868,70,7000,70000,200.33265781402588,20.0,10.0,10.0,10,100,274.4018213748932
70,19.26,9.63,9.63,100,1000,100.38336293877441,1003.8336293877442,67.91211128234863,71,7100,71000,203.08958339691162,18.0,9.0,9.0,10,100,278.2659261226654
71,17.76,8.88,8.88,100,1000,100.38631810199841,1003.8631810199842,68.90826296806335,72,7200,72000,206.1810920238495,20.0,10.0,10.0,10,100,282.45649576187134
72,19.6,9.8,9.8,100,1000,100.24466625414937,1002.4466625414938,69.90582227706909,73,7300,73000,209.09044075012207,20.0,10.0,10.0,10,100,286.4551377296448
73,19.58,9.79,9.79,100,1000,98.108817107216,981.08817107216,70.92509865760803,74,7400,74000,211.9652500152588,20.0,10.0,10.0,10,100,290.5040032863617
74,19.68,9.84,9.84,100,1000,94.62221985596086,946.2221985596086,71.98193287849426,75,7500,75000,215.0198631286621,20.0,10.0,10.0,10,100,294.7163305282593
75,19.62,9.81,9.81,100,1000,99.24229715305985,992.4229715305986,72.98956775665283,76,7600,76000,218.02289462089539,20.0,10.0,10.0,10,100,298.8172309398651
76,19.52,9.76,9.76,100,1000,97.20253579651519,972.0253579651519,74.01834750175476,77,7700,77000,219.97281575202942,20.0,10.0,10.0,10,100,301.8859028816223
77,19.44,9.72,9.72,100,1000,101.2659743705076,1012.6597437050762,75.00584602355957,78,7800,78000,223.25301384925842,20.0,10.0,10.0,10,100,306.25424909591675
78,19.56,9.78,9.78,100,1000,106.660183770772,1066.6018377077198,75.94340300559998,79,7900,79000,225.75320482254028,20.0,10.0,10.0,10,100,309.8008110523224
79,19.36,9.68,9.68,100,1000,102.92366434692134,1029.2366434692135,76.9149968624115,80,8000,80000,228.3470995426178,20.0,10.0,10.0,10,100,313.4869718551636
80,19.24,9.62,9.62,100,1000,93.46330193455458,934.6330193455458,77.98493552207947,81,8100,81000,230.51492929458618,20.0,10.0,10.0,10,100,316.82681155204773
81,19.6,9.8,9.8,100,1000,101.16548958353182,1011.6548958353181,78.9734148979187,82,8200,82000,232.89294958114624,20.0,10.0,10.0,10,100,320.3012886047363
82,19.78,9.89,9.89,100,1000,102.23730889175867,1022.3730889175868,79.95153141021729,83,8300,83000,235.18045353889465,18.0,9.0,9.0,10,100,323.667622089386
83,17.96,8.98,8.98,100,1000,99.84165508993667,998.4165508993667,80.95311737060547,84,8400,84000,237.39243245124817,18.0,9.0,9.0,10,100,326.9781081676483
84,17.94,8.97,8.97,100,1000,96.17170793985049,961.7170793985049,81.99292421340942,85,8500,85000,240.00637650489807,20.0,10.0,10.0,10,100,330.73229146003723
85,19.48,9.74,9.74,100,1000,89.31177002927868,893.1177002927868,83.11259746551514,86,8600,86000,242.35822868347168,20.0,10.0,10.0,10,100,334.29825091362
86,19.66,9.83,9.83,100,1000,100.59585653777708,1005.9585653777707,84.10667419433594,87,8700,87000,244.52539825439453,18.0,9.0,9.0,10,100,337.61444878578186
87,17.8,8.9,8.9,100,1000,105.75285075809263,1057.5285075809263,85.05227518081665,88,8800,88000,246.97365880012512,20.0,10.0,10.0,10,100,341.10013151168823
88,19.58,9.79,9.79,100,1000,114.42461331294173,1144.2461331294173,85.92621302604675,89,8900,89000,249.42278242111206,20.0,10.0,10.0,10,100,344.5194070339203
89,19.5,9.75,9.75,100,1000,112.59404975254728,1125.9404975254727,86.81435942649841,90,9000,90000,251.51597046852112,20.0,10.0,10.0,10,100,347.60189509391785
90,19.56,9.78,9.78,100,1000,101.75173018774915,1017.5173018774915,87.79714369773865,91,9100,91000,254.1347587108612,20.0,10.0,10.0,10,100,351.3106253147125
91,19.72,9.86,9.86,100,1000,95.27102460262891,952.7102460262892,88.84678077697754,92,9200,92000,256.9140980243683,20.0,10.0,10.0,10,100,355.2553069591522
92,19.64,9.82,9.82,100,1000,107.65211432267371,1076.521143226737,89.77569890022278,93,9300,93000,259.3349850177765,20.0,10.0,10.0,10,100,358.7108108997345
93,19.6,9.8,9.8,100,1000,105.83325027598171,1058.332502759817,90.72058153152466,94,9400,94000,261.57756781578064,20.0,10.0,10.0,10,100,361.99967193603516
94,19.62,9.81,9.81,100,1000,109.60643584084961,1096.064358408496,91.63293671607971,95,9500,95000,264.08613181114197,20.0,10.0,10.0,10,100,365.52370142936707
95,19.74,9.87,9.87,100,1000,101.98687348514026,1019.8687348514027,92.61345505714417,96,9600,96000,266.55236315727234,20.0,10.0,10.0,10,100,369.0733196735382
96,19.36,9.68,9.68,100,1000,97.12883968627389,971.288396862739,93.64301538467407,97,9700,97000,269.2984721660614,20.0,10.0,10.0,10,100,372.94607734680176
97,19.36,9.68,9.68,100,1000,103.41674618379429,1034.167461837943,94.60997676849365,98,9800,98000,271.7949628829956,20.0,10.0,10.0,10,100,376.5711121559143
98,19.56,9.78,9.78,100,1000,102.85927570639508,1028.5927570639508,95.58217883110046,99,9900,99000,275.13437032699585,20.0,10.0,10.0,10,100,381.03941011428833
99,19.66,9.83,9.83,100,1000,106.83672359542433,1068.3672359542434,96.51818656921387,100,10000,100000,277.7376775741577,18.0,9.0,9.0,10,100,384.680100440979
100,17.68,8.84,8.84,100,1000,97.28708395331765,972.8708395331764,97.54607224464417,101,10100,101000,280.33085465431213,18.0,9.0,9.0,10,100,388.4210956096649
101,17.9,8.95,8.95,100,1000,107.46871359998197,1074.6871359998197,98.47657561302185,102,10200,102000,283.0090653896332,20.0,10.0,10.0,10,100,392.1394488811493
102,19.3,9.65,9.65,100,1000,105.0835822436149,1050.8358224361489,99.42819905281067,103,10300,103000,285.59344696998596,20.0,10.0,10.0,10,100,395.81777572631836
103,19.66,9.83,9.83,100,1000,105.5145334854806,1055.145334854806,100.37593579292297,104,10400,104000,288.2113013267517,20.0,10.0,10.0,10,100,399.4962315559387
104,19.62,9.81,9.81,100,1000,99.25399253022306,992.5399253022306,101.38345193862915,105,10500,105000,290.6499457359314,20.0,10.0,10.0,10,100,403.03071904182434
105,19.52,9.76,9.76,100,1000,106.79010035352243,1067.9010035352244,102.31986832618713,106,10600,106000,293.0832722187042,20.0,10.0,10.0,10,100,406.50441789627075
106,19.58,9.79,9.79,100,1000,108.86887364962026,1088.6887364962026,103.2384045124054,107,10700,107000,295.8741683959961,20.0,10.0,10.0,10,100,410.2962076663971
107,19.54,9.77,9.77,100,1000,112.90216124404104,1129.0216124404103,104.12412714958191,108,10800,108000,298.1979751586914,20.0,10.0,10.0,10,100,413.6375494003296
108,19.3,9.65,9.65,100,1000,103.81724736416372,1038.1724736416372,105.08735823631287,109,10900,109000,300.6795120239258,20.0,10.0,10.0,10,100,417.1676962375641
109,19.52,9.76,9.76,100,1000,117.29254510849474,1172.9254510849473,105.93992733955383,110,11000,110000,303.18650579452515,20.0,10.0,10.0,10,100,420.6395483016968
110,19.62,9.81,9.81,100,1000,111.24802001364374,1112.4802001364374,106.83881974220276,111,11100,111000,306.1577446460724,20.0,10.0,10.0,10,100,424.5926320552826
111,19.46,9.73,9.73,100,1000,111.16189686651654,1111.6189686651653,107.73840856552124,112,11200,112000,308.69671511650085,20.0,10.0,10.0,10,100,428.1168067455292
112,19.56,9.78,9.78,100,1000,102.55352984497299,1025.53529844973,108.71350908279419,113,11300,113000,311.08676171302795,20.0,10.0,10.0,10,100,431.5789849758148
113,19.5,9.75,9.75,100,1000,101.1673196800315,1011.6731968003149,109.70197057723999,114,11400,114000,313.64496183395386,20.0,10.0,10.0,10,100,435.24181056022644
114,19.64,9.82,9.82,100,1000,109.11008367881922,1091.1008367881923,110.61847615242004,115,11500,115000,316.22466707229614,20.0,10.0,10.0,10,100,438.84811902046204
115,19.66,9.83,9.83,100,1000,86.47029669902848,864.7029669902848,111.77494263648987,116,11600,116000,319.417414188385,20.0,10.0,10.0,10,100,443.3045585155487
116,19.6,9.8,9.8,100,1000,104.58033139638533,1045.8033139638533,112.73114538192749,117,11700,117000,322.37678241729736,20.0,10.0,10.0,10,100,447.3420820236206
117,19.48,9.74,9.74,100,1000,103.68879399192453,1036.8879399192454,113.69556975364685,118,11800,118000,325.2029519081116,20.0,10.0,10.0,10,100,451.2551906108856
118,19.6,9.8,9.8,100,1000,103.3557632432531,1033.557632432531,114.66310167312622,119,11900,119000,328.0958082675934,20.0,10.0,10.0,10,100,455.2085864543915
119,19.6,9.8,9.8,100,1000,104.09926289462835,1040.9926289462835,115.62372326850891,120,12000,120000,330.67988681793213,18.0,9.0,9.0,10,100,458.861590385437
120,17.88,8.94,8.94,100,1000,107.46854838296412,1074.685483829641,116.55422806739807,121,12100,121000,333.55107283592224,20.0,10.0,10.0,10,100,462.7587127685547
121,19.38,9.69,9.69,100,1000,104.37382731041622,1043.7382731041623,117.51232266426086,122,12200,122000,336.17573165893555,18.0,9.0,9.0,10,100,466.4458484649658
122,17.94,8.97,8.97,100,1000,113.28051613711729,1132.805161371173,118.39508700370789,123,12300,123000,338.5296063423157,20.0,10.0,10.0,10,100,469.7747049331665
123,19.6,9.8,9.8,100,1000,101.79235234201305,1017.9235234201304,119.3774790763855,124,12400,124000,341.43521904945374,20.0,10.0,10.0,10,100,473.78512716293335
124,19.64,9.82,9.82,100,1000,99.38607364130674,993.8607364130673,120.38365626335144,125,12500,125000,343.8942530155182,20.0,10.0,10.0,10,100,477.3734676837921
125,19.38,9.69,9.69,100,1000,105.803376381474,1058.03376381474,121.32880568504333,126,12600,126000,346.62851905822754,18.0,9.0,9.0,10,100,481.16321420669556
126,18.0,9.0,9.0,100,1000,103.51128052978929,1035.112805297893,122.29488396644592,127,12700,127000,349.11486196517944,20.0,10.0,10.0,10,100,484.70880150794983
127,19.78,9.89,9.89,100,1000,103.12545332325593,1031.2545332325594,123.26457667350769,128,12800,128000,351.5467960834503,20.0,10.0,10.0,10,100,488.2165677547455
128,19.68,9.84,9.84,100,1000,105.24944367881623,1052.4944367881624,124.21470046043396,129,12900,129000,354.31962418556213,20.0,10.0,10.0,10,100,492.0349714756012
129,19.52,9.76,9.76,100,1000,111.54123442252342,1115.4123442252342,125.11122989654541,130,13000,130000,357.37625002861023,20.0,10.0,10.0,10,100,496.1343939304352
130,19.64,9.82,9.82,100,1000,107.43235057189365,1074.3235057189365,126.04204821586609,131,13100,131000,360.44524455070496,18.0,9.0,9.0,10,100,500.29678988456726
131,17.92,8.96,8.96,100,1000,104.73485075491524,1047.3485075491524,126.99684023857117,132,13200,132000,363.20531964302063,18.0,9.0,9.0,10,100,504.1011161804199
132,17.92,8.96,8.96,100,1000,110.01747456587691,1100.174745658769,127.9057867527008,133,13300,133000,365.76518392562866,20.0,10.0,10.0,10,100,507.70143723487854
133,19.62,9.81,9.81,100,1000,109.07104160496,1090.7104160496,128.8226203918457,134,13400,134000,368.4400300979614,18.0,9.0,9.0,10,100,511.42489743232727
134,17.88,8.94,8.94,100,1000,104.48529278049989,1044.852927804999,129.7796928882599,135,13500,135000,371.525185585022,20.0,10.0,10.0,10,100,515.5631651878357
135,19.62,9.81,9.81,100,1000,99.1987807522904,991.9878075229041,130.7877697944641,136,13600,136000,373.7903892993927,18.0,9.0,9.0,10,100,518.9758508205414
136,17.84,8.92,8.92,100,1000,107.094537144608,1070.94537144608,131.72152423858643,137,13700,137000,376.1840901374817,18.0,9.0,9.0,10,100,522.4050645828247
137,17.84,8.92,8.92,100,1000,105.1665266720993,1051.6652667209928,132.67239713668823,138,13800,138000,379.5154731273651,20.0,10.0,10.0,10,100,526.78489112854
138,19.6,9.8,9.8,100,1000,102.5048823148881,1025.0488231488812,133.64796042442322,139,13900,139000,382.2445569038391,20.0,10.0,10.0,10,100,530.5854806900024
139,19.44,9.72,9.72,100,1000,94.05220124277142,940.5220124277141,134.711199760437,140,14000,140000,384.8337712287903,20.0,10.0,10.0,10,100,534.3300449848175
140,19.58,9.79,9.79,100,1000,102.88468331279387,1028.8468331279387,135.68316173553467,141,14100,141000,388.03039145469666,20.0,10.0,10.0,10,100,538.6075763702393
141,19.66,9.83,9.83,100,1000,99.6928854530005,996.928854530005,136.68624234199524,142,14200,142000,390.694349527359,18.0,9.0,9.0,10,100,542.3697590827942
142,17.94,8.97,8.97,100,1000,109.67513514898683,1096.7513514898683,137.5980260372162,143,14300,143000,393.1306416988373,18.0,9.0,9.0,10,100,545.8358969688416
143,17.88,8.94,8.94,100,1000,94.97041956040532,949.7041956040532,138.65098547935486,144,14400,144000,395.6844687461853,20.0,10.0,10.0,10,100,549.5430159568787
144,19.42,9.71,9.71,100,1000,103.58014605865857,1035.8014605865856,139.61642146110535,145,14500,145000,398.3385503292084,20.0,10.0,10.0,10,100,553.2783069610596
145,19.52,9.76,9.76,100,1000,100.05980728551502,1000.5980728551502,140.61582374572754,146,14600,146000,401.23071908950806,20.0,10.0,10.0,10,100,557.2579152584076
146,19.46,9.73,9.73,100,1000,114.35884754049506,1143.5884754049507,141.4902641773224,147,14700,147000,404.17861700057983,20.0,10.0,10.0,10,100,561.1670813560486
147,19.58,9.79,9.79,100,1000,109.43550609078993,1094.3550609078993,142.40404438972473,148,14800,148000,406.3385212421417,20.0,10.0,10.0,10,100,564.3262612819672
148,19.6,9.8,9.8,100,1000,113.14163232066234,1131.4163232066232,143.28789234161377,149,14900,149000,408.9885230064392,18.0,9.0,9.0,10,100,567.9678554534912
149,17.74,8.87,8.87,100,1000,111.31498211233665,1113.1498211233666,144.1862440109253,150,15000,150000,411.42568159103394,20.0,10.0,10.0,10,100,571.4177181720734
150,19.7,9.85,9.85,100,1000,110.04810123061802,1100.4810123061802,145.0949375629425,151,15100,151000,414.11200618743896,20.0,10.0,10.0,10,100,575.1146879196167
151,19.4,9.7,9.7,100,1000,109.82354620031263,1098.2354620031263,146.00548911094666,152,15200,152000,416.66071605682373,20.0,10.0,10.0,10,100,578.6750912666321
152,19.56,9.78,9.78,100,1000,107.66178578808285,1076.6178578808285,146.9343237876892,153,15300,153000,419.45633816719055,20.0,10.0,10.0,10,100,582.5023114681244
153,19.54,9.77,9.77,100,1000,107.42475625644944,1074.2475625644943,147.86520791053772,154,15400,154000,422.3647379875183,20.0,10.0,10.0,10,100,586.4413552284241
154,19.56,9.78,9.78,100,1000,104.15419464645517,1041.5419464645518,148.82532286643982,155,15500,155000,425.4140291213989,20.0,10.0,10.0,10,100,590.5502603054047
155,19.7,9.85,9.85,100,1000,102.42725725351717,1024.2725725351718,149.8016254901886,156,15600,156000,428.26425218582153,18.0,9.0,9.0,10,100,594.4735431671143
156,17.96,8.98,8.98,100,1000,104.77629359616937,1047.7629359616938,150.75603985786438,157,15700,157000,431.0272114276886,20.0,10.0,10.0,10,100,598.2947225570679
157,19.66,9.83,9.83,100,1000,104.82033637042032,1048.2033637042032,151.7100532054901,158,15800,158000,434.39160680770874,20.0,10.0,10.0,10,100,602.7085406780243
158,19.76,9.88,9.88,100,1000,109.3072238133833,1093.072238133833,152.62490582466125,159,15900,159000,437.0993013381958,20.0,10.0,10.0,10,100,606.4294605255127
159,19.5,9.75,9.75,100,1000,109.60892780237745,1096.0892780237746,153.53724026679993,160,16000,160000,440.2637565135956,20.0,10.0,10.0,10,100,610.6142239570618
160,19.62,9.81,9.81,100,1000,112.46028045464551,1124.6028045464552,154.4264430999756,161,16100,161000,443.30417346954346,20.0,10.0,10.0,10,100,614.631908416748
161,19.62,9.81,9.81,100,1000,99.9820741367934,999.820741367934,155.42662239074707,162,16200,162000,445.76907873153687,20.0,10.0,10.0,10,100,618.201721906662
162,19.66,9.83,9.83,100,1000,111.1596283922564,1111.5962839225638,156.32622957229614,163,16300,163000,448.10829067230225,20.0,10.0,10.0,10,100,621.5944938659668
163,19.58,9.79,9.79,100,1000,109.28218998767342,1092.8218998767343,157.24129176139832,164,16400,164000,451.6275157928467,18.0,9.0,9.0,10,100,626.1254479885101
164,17.92,8.96,8.96,100,1000,110.05168170868434,1100.5168170868435,158.14995574951172,165,16500,165000,454.21812677383423,20.0,10.0,10.0,10,100,629.7307221889496
165,19.56,9.78,9.78,100,1000,112.25726193496723,1122.5726193496723,159.04076671600342,166,16600,166000,456.57373094558716,20.0,10.0,10.0,10,100,633.0739507675171
166,19.56,9.78,9.78,100,1000,106.48876833110377,1064.8876833110376,159.97983288764954,167,16700,167000,459.2574369907379,20.0,10.0,10.0,10,100,636.787467956543
167,19.6,9.8,9.8,100,1000,106.26823106623091,1062.6823106623092,160.92084789276123,168,16800,168000,461.6207580566406,18.0,9.0,9.0,10,100,640.1955199241638
168,17.78,8.89,8.89,100,1000,106.78496177507839,1067.8496177507839,161.85730934143066,169,16900,169000,464.37486457824707,18.0,9.0,9.0,10,100,643.986810207367
169,17.84,8.92,8.92,100,1000,107.29093150377268,1072.9093150377269,162.7893545627594,170,17000,170000,467.0873017311096,20.0,10.0,10.0,10,100,647.7182841300964
170,19.5,9.75,9.75,100,1000,104.52778869472098,1045.2778869472097,163.7460379600525,171,17100,171000,469.6807425022125,20.0,10.0,10.0,10,100,651.3625774383545
171,19.56,9.78,9.78,100,1000,107.77055733689836,1077.7055733689836,164.67393517494202,172,17200,172000,472.41760444641113,18.0,9.0,9.0,10,100,655.142525434494
172,17.94,8.97,8.97,100,1000,107.36755825112614,1073.6755825112614,165.60531520843506,173,17300,173000,475.3700668811798,20.0,10.0,10.0,10,100,659.1310005187988
173,19.52,9.76,9.76,100,1000,103.26189395274818,1032.6189395274819,166.57372665405273,174,17400,174000,478.05323338508606,18.0,9.0,9.0,10,100,662.883668422699
174,17.84,8.92,8.92,100,1000,108.94021631143319,1089.4021631143319,167.49166131019592,175,17500,175000,480.65394163131714,20.0,10.0,10.0,10,100,666.491553068161
175,19.62,9.81,9.81,100,1000,109.29315333494543,1092.9315333494542,168.40663170814514,176,17600,176000,483.307009935379,20.0,10.0,10.0,10,100,670.1873948574066
176,19.72,9.86,9.86,100,1000,101.22650407241828,1012.2650407241829,169.3945152759552,177,17700,177000,485.8201549053192,20.0,10.0,10.0,10,100,673.8203222751617
177,19.52,9.76,9.76,100,1000,103.09850749056903,1030.9850749056905,170.36446142196655,178,17800,178000,488.855979681015,20.0,10.0,10.0,10,100,677.9208278656006
178,19.72,9.86,9.86,100,1000,105.21232334816835,1052.1232334816834,171.31492042541504,179,17900,179000,491.46717405319214,20.0,10.0,10.0,10,100,681.5790979862213
179,19.6,9.8,9.8,100,1000,96.58960247070915,965.8960247070914,172.35022854804993,180,18000,180000,494.3270785808563,20.0,10.0,10.0,10,100,685.6261801719666
180,19.64,9.82,9.82,100,1000,102.26378144736893,1022.6378144736893,173.3280918598175,181,18100,181000,496.95056414604187,20.0,10.0,10.0,10,100,689.3204417228699
181,19.6,9.8,9.8,100,1000,113.5547897344597,1135.547897344597,174.20872402191162,182,18200,182000,499.4601228237152,20.0,10.0,10.0,10,100,692.8124761581421
182,19.54,9.77,9.77,100,1000,109.10213680582814,1091.0213680582815,175.12529635429382,183,18300,183000,502.04848289489746,20.0,10.0,10.0,10,100,696.4117250442505
183,19.64,9.82,9.82,100,1000,99.35323222809886,993.5323222809886,176.1318061351776,184,18400,184000,504.6809573173523,20.0,10.0,10.0,10,100,700.1427845954895
184,19.62,9.81,9.81,100,1000,110.4474852898773,1104.474852898773,177.03721380233765,185,18500,185000,507.77076268196106,20.0,10.0,10.0,10,100,704.2623858451843
185,19.68,9.84,9.84,100,1000,110.45551301339722,1104.5551301339722,177.94255566596985,186,18600,186000,510.67246556282043,18.0,9.0,9.0,10,100,708.1925678253174
186,17.86,8.93,8.93,100,1000,109.89749931875825,1098.9749931875826,178.8524944782257,187,18700,187000,513.1279397010803,20.0,10.0,10.0,10,100,711.6683266162872
187,19.72,9.86,9.86,100,1000,105.22897937546084,1052.2897937546084,179.80280303955078,188,18800,188000,516.0470345020294,20.0,10.0,10.0,10,100,715.6303672790527
188,19.66,9.83,9.83,100,1000,102.52317298199326,1025.2317298199325,180.77819228172302,189,18900,189000,519.282567024231,20.0,10.0,10.0,10,100,719.9537172317505
189,19.58,9.79,9.79,100,1000,104.9725186648083,1049.725186648083,181.7308225631714,190,19000,190000,522.2508974075317,20.0,10.0,10.0,10,100,723.9743077754974
190,19.84,9.92,9.92,100,1000,107.47860000948121,1074.7860000948122,182.66124033927917,191,19100,191000,524.8806438446045,20.0,10.0,10.0,10,100,727.6349821090698
191,19.68,9.84,9.84,100,1000,103.32668598871963,1033.2668598871962,183.62904453277588,192,19200,192000,528.037590265274,18.0,9.0,9.0,10,100,731.8468987941742
192,17.84,8.92,8.92,100,1000,107.94184944979125,1079.4184944979124,184.55546927452087,193,19300,193000,530.6489541530609,20.0,10.0,10.0,10,100,735.4811544418335
193,19.7,9.85,9.85,100,1000,119.97601797736354,1199.7601797736354,185.38896918296814,194,19400,194000,533.2144839763641,20.0,10.0,10.0,10,100,738.9667060375214
194,19.54,9.77,9.77,100,1000,116.89136106138804,1168.9136106138803,186.24446439743042,195,19500,195000,536.218822479248,20.0,10.0,10.0,10,100,742.9269781112671
195,19.66,9.83,9.83,100,1000,102.468320552595,1024.6832055259501,187.2203757762909,196,19600,196000,539.0977382659912,20.0,10.0,10.0,10,100,746.869467496872
196,19.68,9.84,9.84,100,1000,107.74915636007908,1077.4915636007909,188.14845728874207,197,19700,197000,541.7837615013123,20.0,10.0,10.0,10,100,750.5761728286743
197,19.56,9.78,9.78,100,1000,101.93804346610891,1019.3804346610891,189.12944531440735,198,19800,198000,544.4702935218811,20.0,10.0,10.0,10,100,754.3364086151123
198,19.72,9.86,9.86,100,1000,111.82797763069314,1118.2797763069314,190.0236759185791,199,19900,199000,547.1625800132751,18.0,9.0,9.0,10,100,758.0405187606812
199,17.98,8.99,8.99,100,1000,112.55093473028778,1125.5093473028778,190.91216254234314,200,20000,200000,549.9686214923859,20.0,10.0,10.0,10,100,761.8950426578522
200,19.7,9.85,9.85,100,1000,102.71873905600631,1027.187390560063,191.88569474220276,201,20100,201000,552.9594156742096,20.0,10.0,10.0,10,100,765.9684066772461
201,19.66,9.83,9.83,100,1000,114.25772593481462,1142.577259348146,192.76090908050537,202,20200,202000,555.4030404090881,20.0,10.0,10.0,10,100,769.4026193618774
202,19.72,9.86,9.86,100,1000,111.84736101759322,1118.4736101759322,193.6549847126007,203,20300,203000,558.6080656051636,20.0,10.0,10.0,10,100,773.5957906246185
203,19.58,9.79,9.79,100,1000,109.3726963057186,1093.726963057186,194.56928968429565,204,20400,204000,561.761782169342,20.0,10.0,10.0,10,100,777.7586529254913
204,19.62,9.81,9.81,100,1000,102.23120370345545,1022.3120370345545,195.54746460914612,205,20500,205000,564.5507187843323,20.0,10.0,10.0,10,100,781.6335954666138
205,19.72,9.86,9.86,100,1000,105.4427545664666,1054.427545664666,196.49584650993347,206,20600,206000,568.1057114601135,20.0,10.0,10.0,10,100,786.2912092208862
206,19.8,9.9,9.9,100,1000,104.45666918948346,1044.5666918948345,197.45318126678467,207,20700,207000,571.0253891944885,20.0,10.0,10.0,10,100,790.2543063163757
207,19.42,9.71,9.71,100,1000,116.0855383789334,1160.8553837893342,198.3146150112152,208,20800,208000,573.4961402416229,20.0,10.0,10.0,10,100,793.6882309913635
208,19.54,9.77,9.77,100,1000,107.51477387903337,1075.1477387903337,199.24471974372864,209,20900,209000,576.3291599750519,20.0,10.0,10.0,10,100,797.537205696106
209,19.6,9.8,9.8,100,1000,110.25925608524416,1102.5925608524415,200.151673078537,210,21000,210000,578.716474533081,18.0,9.0,9.0,10,100,800.9176602363586
210,17.68,8.84,8.84,100,1000,114.48623589770466,1144.8623589770466,201.02514052391052,211,21100,211000,581.6948554515839,20.0,10.0,10.0,10,100,804.8941071033478
211,19.4,9.7,9.7,100,1000,85.9765129355141,859.7651293551409,202.18824887275696,212,21200,212000,584.6991064548492,20.0,10.0,10.0,10,100,809.171443939209
212,19.64,9.82,9.82,100,1000,103.21577251061674,1032.1577251061674,203.1570930480957,213,21300,213000,587.7293858528137,20.0,10.0,10.0,10,100,813.2721660137177
213,19.62,9.81,9.81,100,1000,104.43079135572914,1044.3079135572914,204.1146650314331,214,21400,214000,591.2429876327515,20.0,10.0,10.0,10,100,817.8514094352722
214,19.74,9.87,9.87,100,1000,92.41653259088179,924.1653259088179,205.1967225074768,215,21500,215000,594.3572766780853,20.0,10.0,10.0,10,100,822.1505739688873
215,19.68,9.84,9.84,100,1000,98.76589258563034,987.6589258563034,206.20921778678894,216,21600,216000,598.25883436203,20.0,10.0,10.0,10,100,827.1736273765564
216,19.5,9.75,9.75,100,1000,87.530865228098,875.30865228098,207.3516719341278,217,21700,217000,601.328090429306,20.0,10.0,10.0,10,100,831.5205466747284
217,19.7,9.85,9.85,100,1000,93.17760131940939,931.7760131940939,208.4248912334442,218,21800,218000,604.2246854305267,20.0,10.0,10.0,10,100,835.6372089385986
218,19.72,9.86,9.86,100,1000,103.86822915028624,1038.6822915028624,209.3876495361328,219,21900,219000,606.7729184627533,20.0,10.0,10.0,10,100,839.2439522743225
219,19.6,9.8,9.8,100,1000,106.18614799058419,1061.8614799058419,210.32939195632935,220,22000,220000,609.6545069217682,20.0,10.0,10.0,10,100,843.1830894947052
220,19.76,9.88,9.88,100,1000,107.91452163292631,1079.1452163292631,211.25605130195618,221,22100,221000,612.8400135040283,20.0,10.0,10.0,10,100,847.4127745628357
221,19.54,9.77,9.77,100,1000,100.0716483974785,1000.7164839747849,212.25533533096313,222,22200,222000,615.457640171051,20.0,10.0,10.0,10,100,851.1266152858734
222,19.82,9.91,9.91,100,1000,103.64446741996615,1036.4446741996614,213.22017216682434,223,22300,223000,618.3373990058899,20.0,10.0,10.0,10,100,855.0646159648895
223,19.7,9.85,9.85,100,1000,85.21791673346056,852.1791673346056,214.39363431930542,224,22400,224000,621.3729629516602,20.0,10.0,10.0,10,100,859.3941743373871
224,19.72,9.86,9.86,100,1000,96.75008777000522,967.5008777000522,215.42722511291504,225,22500,225000,623.9288737773895,20.0,10.0,10.0,10,100,863.0883865356445
225,19.7,9.85,9.85,100,1000,93.50805930219596,935.0805930219597,216.4966516494751,226,22600,226000,627.0438747406006,20.0,10.0,10.0,10,100,867.3744368553162
226,19.7,9.85,9.85,100,1000,101.79025253025334,1017.9025253025335,217.47906398773193,227,22700,227000,629.7968444824219,20.0,10.0,10.0,10,100,871.2115428447723
227,19.66,9.83,9.83,100,1000,94.73497811812238,947.3497811812239,218.53464031219482,228,22800,228000,632.2898983955383,20.0,10.0,10.0,10,100,874.9243884086609
228,19.58,9.79,9.79,100,1000,68.05427397404746,680.5427397404746,220.0040557384491,229,22900,229000,635.2659311294556,20.0,10.0,10.0,10,100,879.493959903717
229,19.56,9.78,9.78,100,1000,94.56700738985117,945.6700738985118,221.06150698661804,230,23000,230000,638.526073217392,20.0,10.0,10.0,10,100,883.9585905075073
230,19.66,9.83,9.83,100,1000,97.23568369767412,972.3568369767412,222.0899360179901,231,23100,231000,641.2881276607513,20.0,10.0,10.0,10,100,887.8485372066498
231,19.64,9.82,9.82,100,1000,105.8257468450116,1058.257468450116,223.03488564491272,232,23200,232000,643.8132894039154,20.0,10.0,10.0,10,100,891.4142229557037
232,19.52,9.76,9.76,100,1000,108.39627778551653,1083.9627778551653,223.95742654800415,233,23300,233000,645.9253656864166,20.0,10.0,10.0,10,100,894.5525226593018
233,19.62,9.81,9.81,100,1000,106.41679223563851,1064.1679223563851,224.897127866745,234,23400,234000,648.1592252254486,20.0,10.0,10.0,10,100,897.8281447887421
234,19.5,9.75,9.75,100,1000,112.84681603481694,1128.4681603481692,225.78328490257263,235,23500,235000,650.5760517120361,20.0,10.0,10.0,10,100,901.2283174991608
235,19.5,9.75,9.75,100,1000,107.52789395451956,1075.2789395451957,226.7132761478424,236,23600,236000,652.8088159561157,20.0,10.0,10.0,10,100,904.4892265796661
236,19.62,9.81,9.81,100,1000,108.03827378994441,1080.382737899444,227.63887405395508,237,23700,237000,655.4846081733704,20.0,10.0,10.0,10,100,908.1868422031403
237,19.64,9.82,9.82,100,1000,91.55843914872104,915.5843914872104,228.73107266426086,238,23800,238000,657.9284310340881,20.0,10.0,10.0,10,100,911.8743770122528
238,19.58,9.79,9.79,100,1000,85.03728069108361,850.3728069108362,229.90702748298645,239,23900,239000,661.2111632823944,20.0,10.0,10.0,10,100,916.4450604915619
239,19.58,9.79,9.79,100,1000,96.8701924953445,968.701924953445,230.9393367767334,240,24000,240000,664.0876197814941,20.0,10.0,10.0,10,100,920.4524641036987
240,19.58,9.79,9.79,100,1000,80.88762429978168,808.8762429978167,232.17561984062195,241,24100,241000,666.6054635047913,20.0,10.0,10.0,10,100,924.3189182281494
241,19.5,9.75,9.75,100,1000,95.07489268581612,950.7489268581612,233.22742223739624,242,24200,242000,669.2544102668762,20.0,10.0,10.0,10,100,928.1384108066559
242,19.52,9.76,9.76,100,1000,96.49345116000003,964.9345116000004,234.2637619972229,243,24300,243000,671.8633675575256,20.0,10.0,10.0,10,100,931.8806715011597
243,19.54,9.77,9.77,100,1000,103.94117663093917,1039.4117663093916,235.22584462165833,244,24400,244000,674.5404930114746,20.0,10.0,10.0,10,100,935.630161523819
244,19.66,9.83,9.83,100,1000,99.61773219117713,996.1773219117713,236.22968196868896,245,24500,245000,676.9811408519745,20.0,10.0,10.0,10,100,939.187637090683
245,19.44,9.72,9.72,100,1000,105.3040893387965,1053.040893387965,237.17931270599365,246,24600,246000,679.5258116722107,20.0,10.0,10.0,10,100,942.7741825580597
246,19.68,9.84,9.84,100,1000,103.06628224795989,1030.6628224795988,238.14956212043762,247,24700,247000,682.3340497016907,20.0,10.0,10.0,10,100,946.6508219242096
247,19.56,9.78,9.78,100,1000,90.16303192386957,901.6303192386956,239.25866413116455,248,24800,248000,684.8238728046417,20.0,10.0,10.0,10,100,950.3528668880463
248,19.78,9.89,9.89,100,1000,96.75381491280216,967.5381491280216,240.29221510887146,249,24900,249000,687.3050067424774,20.0,10.0,10.0,10,100,953.9651536941528
249,19.62,9.81,9.81,100,1000,111.68043710376155,1116.8043710376155,241.18762707710266,250,25000,250000,689.7987627983093,20.0,10.0,10.0,10,100,957.4480845928192
250,19.42,9.71,9.71,100,1000,111.57256705506747,1115.7256705506747,242.08390474319458,251,25100,251000,692.2734682559967,20.0,10.0,10.0,10,100,960.914562702179
251,19.52,9.76,9.76,100,1000,106.75962956024533,1067.5962956024532,243.02058839797974,252,25200,252000,694.7503416538239,20.0,10.0,10.0,10,100,964.4313538074493
252,19.68,9.84,9.84,100,1000,91.97718411888012,919.7718411888012,244.10781455039978,253,25300,253000,697.9328231811523,20.0,10.0,10.0,10,100,968.8073687553406
253,19.6,9.8,9.8,100,1000,111.07231835669373,1110.7231835669372,245.00812888145447,254,25400,254000,700.8641140460968,20.0,10.0,10.0,10,100,972.7750463485718
254,19.72,9.86,9.86,100,1000,110.24662016352326,1102.4662016352327,245.9151861667633,255,25500,255000,703.7902784347534,20.0,10.0,10.0,10,100,976.7092025279999
255,19.56,9.78,9.78,100,1000,107.90588736512099,1079.0588736512098,246.84191966056824,256,25600,256000,706.8641886711121,20.0,10.0,10.0,10,100,980.811112165451
256,19.7,9.85,9.85,100,1000,110.25305368834663,1102.530536883466,247.74892401695251,257,25700,257000,709.5600552558899,20.0,10.0,10.0,10,100,984.5362038612366
257,19.66,9.83,9.83,100,1000,101.41813086439754,1014.1813086439754,248.7349410057068,258,25800,258000,711.8641264438629,20.0,10.0,10.0,10,100,987.9256408214569
258,19.66,9.83,9.83,100,1000,107.29298993197084,1072.9298993197085,249.6669683456421,259,25900,259000,714.7073950767517,20.0,10.0,10.0,10,100,991.8372480869293
259,19.56,9.78,9.78,100,1000,108.66086614101832,1086.6086614101832,250.58726286888123,260,26000,260000,717.6618268489838,20.0,10.0,10.0,10,100,995.8317432403564
260,19.66,9.83,9.83,100,1000,99.72796733991242,997.2796733991242,251.58999061584473,261,26100,261000,720.0158684253693,20.0,10.0,10.0,10,100,999.2969381809235
261,19.62,9.81,9.81,100,1000,103.50709122721294,1035.0709122721294,252.5561079978943,262,26200,262000,722.4885420799255,20.0,10.0,10.0,10,100,1002.8302011489868
262,19.48,9.74,9.74,100,1000,110.9902555819236,1109.902555819236,253.45708799362183,263,26300,263000,724.5849094390869,20.0,10.0,10.0,10,100,1005.9321286678314
263,19.34,9.67,9.67,100,1000,112.68607033529871,1126.860703352987,254.34450912475586,264,26400,264000,727.4587833881378,20.0,10.0,10.0,10,100,1009.7863926887512
264,19.64,9.82,9.82,100,1000,106.83822034791991,1068.3822034791992,255.2805037498474,265,26500,265000,730.577507019043,20.0,10.0,10.0,10,100,1013.9315309524536
265,19.52,9.76,9.76,100,1000,101.36697744808642,1013.6697744808642,256.26701831817627,266,26600,266000,732.655145406723,20.0,10.0,10.0,10,100,1017.1144573688507
266,19.62,9.81,9.81,100,1000,113.89085300618561,1138.908530061856,257.14505195617676,267,26700,267000,735.0453243255615,20.0,10.0,10.0,10,100,1020.5319964885712
267,19.6,9.8,9.8,100,1000,101.29656973910657,1012.9656973910658,258.1322522163391,268,26800,268000,737.3676626682281,20.0,10.0,10.0,10,100,1023.9284245967865
268,19.52,9.76,9.76,100,1000,114.65607992649859,1146.560799264986,259.00442576408386,269,26900,269000,739.8129687309265,20.0,10.0,10.0,10,100,1027.348684310913
269,19.48,9.74,9.74,100,1000,110.75254251609744,1107.5254251609742,259.9073395729065,270,27000,270000,742.3514742851257,20.0,10.0,10.0,10,100,1030.8955330848694
270,19.74,9.87,9.87,100,1000,109.70864187197401,1097.08641871974,260.81884479522705,271,27100,271000,744.8737649917603,20.0,10.0,10.0,10,100,1034.4224178791046
271,19.74,9.87,9.87,100,1000,104.57853218685936,1045.7853218685937,261.77506399154663,272,27200,272000,747.8718731403351,18.0,9.0,9.0,10,100,1038.4684872627258
272,17.96,8.98,8.98,100,1000,105.02293235125396,1050.2293235125396,262.7272369861603,273,27300,273000,750.5712773799896,20.0,10.0,10.0,10,100,1042.2199494838715
273,19.52,9.76,9.76,100,1000,108.8550005437165,1088.5500054371648,263.6458902359009,274,27400,274000,753.1794259548187,18.0,9.0,9.0,10,100,1045.893197774887
274,17.9,8.95,8.95,100,1000,102.7733059683097,1027.733059683097,264.618905544281,275,27500,275000,756.1250574588776,20.0,10.0,10.0,10,100,1049.897426366806
275,19.66,9.83,9.83,100,1000,107.22285578139575,1072.2285578139577,265.55154252052307,276,27600,276000,759.4374787807465,18.0,9.0,9.0,10,100,1054.2324874401093
276,17.96,8.98,8.98,100,1000,99.47998555106945,994.7998555106946,266.5567698478699,277,27700,277000,762.7806560993195,20.0,10.0,10.0,10,100,1058.6732339859009
277,19.62,9.81,9.81,100,1000,104.16014367793257,1041.6014367793257,267.5168299674988,278,27800,278000,766.1968774795532,18.0,9.0,9.0,10,100,1063.1482059955597
278,17.94,8.97,8.97,100,1000,102.29934902915345,1022.9934902915345,268.49435329437256,279,27900,279000,769.318601846695,20.0,10.0,10.0,10,100,1067.3472199440002
279,19.58,9.79,9.79,100,1000,103.15723353040987,1031.5723353040987,269.4637472629547,280,28000,280000,772.1773192882538,20.0,10.0,10.0,10,100,1071.2715649604797
280,19.56,9.78,9.78,100,1000,92.29147028095589,922.9147028095589,270.5472710132599,281,28100,281000,775.861082315445,20.0,10.0,10.0,10,100,1076.1474828720093
281,19.56,9.78,9.78,100,1000,100.0965811882183,1000.9658118821828,271.54630613327026,282,28200,282000,778.9615707397461,18.0,9.0,9.0,10,100,1080.3532247543335
282,18.04,9.02,9.02,100,1000,101.31563087356778,1013.1563087356778,272.5333206653595,283,28300,283000,782.0787861347198,20.0,10.0,10.0,10,100,1084.5536725521088
283,19.74,9.87,9.87,100,1000,95.74185083386843,957.4185083386843,273.57779598236084,284,28400,284000,784.9816451072693,20.0,10.0,10.0,10,100,1088.5991106033325
284,19.66,9.83,9.83,100,1000,99.52436307481891,995.243630748189,274.58257508277893,285,28500,285000,788.0981590747833,18.0,9.0,9.0,10,100,1092.8246417045593
285,17.9,8.95,8.95,100,1000,96.26728508291147,962.6728508291147,275.6213495731354,286,28600,286000,790.6107792854309,20.0,10.0,10.0,10,100,1096.4761340618134
286,19.48,9.74,9.74,100,1000,103.65327847076777,1036.5327847076776,276.58610439300537,287,28700,287000,793.1396675109863,18.0,9.0,9.0,10,100,1100.0833508968353
287,17.88,8.94,8.94,100,1000,103.72982342724316,1037.2982342724315,277.55014729499817,288,28800,288000,795.8895802497864,20.0,10.0,10.0,10,100,1103.8934168815613
288,19.58,9.79,9.79,100,1000,103.42857903772527,1034.2857903772526,278.51699805259705,289,28900,289000,798.9223849773407,18.0,9.0,9.0,10,100,1107.9805669784546
289,17.96,8.98,8.98,100,1000,109.99730665126012,1099.9730665126012,279.4261112213135,290,29000,290000,801.6570410728455,18.0,9.0,9.0,10,100,1111.7222666740417
290,17.94,8.97,8.97,100,1000,109.54451692906866,1095.4451692906866,280.3389821052551,291,29100,291000,804.5365862846375,20.0,10.0,10.0,10,100,1115.6060347557068
291,19.56,9.78,9.78,100,1000,114.8117500241569,1148.117500241569,281.20997309684753,292,29200,292000,807.5082097053528,20.0,10.0,10.0,10,100,1119.5344302654266
292,19.58,9.79,9.79,100,1000,106.85917928722908,1068.5917928722909,282.1457841396332,293,29300,293000,809.9749855995178,18.0,9.0,9.0,10,100,1123.0714654922485
293,17.86,8.93,8.93,100,1000,111.57366520324408,1115.7366520324408,283.04205298423767,294,29400,294000,812.777049779892,18.0,9.0,9.0,10,100,1126.8546352386475
294,18.0,9.0,9.0,100,1000,118.26834309432303,1182.6834309432302,283.8875877857208,295,29500,295000,815.8444120883942,20.0,10.0,10.0,10,100,1130.912386417389
295,19.38,9.69,9.69,100,1000,113.79237841660999,1137.9237841661,284.7663812637329,296,29600,296000,817.6813938617706,20.0,10.0,10.0,10,100,1133.7211139202118
296,19.64,9.82,9.82,100,1000,116.24940202692777,1162.4940202692778,285.6266007423401,297,29700,297000,820.9393565654755,18.0,9.0,9.0,10,100,1137.9401218891144
297,17.82,8.91,8.91,100,1000,114.81439001269327,1148.1439001269327,286.49757170677185,298,29800,298000,823.10120677948,18.0,9.0,9.0,10,100,1141.1012091636658
298,17.88,8.94,8.94,100,1000,110.12325348882149,1101.2325348882148,287.4056451320648,299,29900,299000,825.915771484375,18.0,9.0,9.0,10,100,1144.9155700206757
299,17.82,8.91,8.91,100,1000,104.74091861666103,1047.4091861666104,288.36038184165955,300,30000,300000,828.5789196491241,20.0,10.0,10.0,10,100,1148.6499707698822
