,sampling/episodes_per_s,sampling/samples_per_s,sampling/total_time_s,total_iterations,total_episodes,total_samples,learning/total_time_s,eval/mean_reward,eval/0/mean_reward,eval/1/mean_reward,eval/episodes,eval/samples,total_time_s
0,226.4283277261204,1811.426621808963,0.44164085388183594,1,100,800,3.4079689979553223,0.0,0.0,0.0,10,80,3.9081661701202393
1,210.6495360170034,1685.1962881360273,0.916363000869751,2,200,1600,5.239597320556641,0.0,0.0,0.0,10,80,6.282119989395142
2,161.87311518710544,1294.9849214968435,1.5341308116912842,3,300,2400,7.248246669769287,0.0,0.0,0.0,10,80,8.980201482772827
3,154.75120768401754,1238.0096614721404,2.1803293228149414,4,400,3200,9.084644079208374,0.0,0.0,0.0,10,80,11.521985292434692
4,161.08389235582902,1288.6711388466322,2.801123857498169,5,500,4000,10.549570798873901,11.599999999999998,5.799999999999999,5.799999999999999,10,80,13.684682369232178
5,197.13141470783285,1577.0513176626628,3.3083996772766113,6,600,4800,12.004106998443604,7.6,3.8,3.8,10,80,15.708482265472412
6,179.23993077071003,1433.9194461656803,3.8663110733032227,7,700,5600,13.584841966629028,13.599999999999998,6.799999999999999,6.799999999999999,10,80,17.91028594970703
7,202.68222802852424,1621.4578242281939,4.359694242477417,8,800,6400,14.808689832687378,13.599999999999998,6.799999999999999,6.799999999999999,10,80,19.69412088394165
8,182.96578517342974,1463.726281387438,4.906244516372681,9,900,7200,16.18663263320923,3.6000000000000005,1.8000000000000003,1.8000000000000003,10,80,21.68309712409973
9,158.514650771503,1268.117206172024,5.5371010303497314,10,1000,8000,17.464399576187134,9.599999999999998,4.799999999999999,4.799999999999999,10,80,23.659665822982788
10,180.67596516144428,1445.4077212915543,6.090578079223633,11,1100,8800,18.80823016166687,5.3999999999999995,2.6999999999999997,2.6999999999999997,10,80,25.623159170150757
11,183.21242364518247,1465.6993891614597,6.636392593383789,12,1200,9600,20.036091327667236,13.400000000000002,6.700000000000001,6.700000000000001,10,80,27.45020031929016
12,160.9147459196835,1287.317967357468,7.257839679718018,13,1300,10400,21.228323698043823,15.400000000000002,7.700000000000001,7.700000000000001,10,80,29.330894231796265
13,168.33385641207582,1346.6708512966065,7.851897239685059,14,1400,11200,22.3434100151062,13.400000000000002,6.700000000000001,6.700000000000001,10,80,31.11979079246521
14,168.24830269663147,1345.9864215730518,8.446256875991821,15,1500,12000,23.58168053627014,7.4,3.7,3.7,10,80,33.01754593849182
15,172.22889260824505,1377.8311408659604,9.02687954902649,16,1600,12800,24.770192623138428,11.400000000000002,5.700000000000001,5.700000000000001,10,80,34.86178684234619
16,168.88728899175476,1351.098311934038,9.618990421295166,17,1700,13600,25.854997634887695,7.4,3.7,3.7,10,80,36.605419397354126
17,171.74834017301347,1373.9867213841078,10.201237678527832,18,1800,14400,27.049004793167114,9.400000000000002,4.700000000000001,4.700000000000001,10,80,38.461552143096924
18,163.9430407627294,1311.5443261018352,10.811205625534058,19,1900,15200,28.22302532196045,9.200000000000001,4.6000000000000005,4.6000000000000005,10,80,40.31109595298767
19,160.3967945911115,1283.174356728892,11.434659481048584,20,2000,16000,29.362420797348022,11.200000000000001,5.6000000000000005,5.6000000000000005,10,80,42.193565368652344
20,166.4533170781266,1331.6265366250127,12.636197566986084,21,2200,17600,30.169214487075806,7.200000000000001,3.6000000000000005,3.6000000000000005,10,80,44.25362753868103
21,193.07725062087283,1544.6180049669827,13.672052383422852,22,2400,19200,30.87108826637268,13.2,6.6,6.6,10,80,46.042877197265625
22,176.77175127480115,1414.1740101984092,14.803454875946045,23,2600,20800,31.577094316482544,13.2,6.6,6.6,10,80,47.932499408721924
23,179.27547865306084,1434.2038292244868,15.919056415557861,24,2800,22400,32.228914976119995,11.0,5.5,5.5,10,80,49.75257444381714
24,187.94231745117787,1503.538539609423,16.98321270942688,25,3000,24000,32.943894147872925,9.200000000000001,4.6000000000000005,4.6000000000000005,10,80,51.60696792602539
25,189.6126129811936,1516.9009038495487,18.037994861602783,26,3200,25600,33.72577667236328,9.0,4.5,4.5,10,80,53.52673387527466
26,173.88220686710315,1391.0576549368252,19.188198804855347,27,3400,27200,34.51084518432617,11.0,5.5,5.5,10,80,55.514249086380005
27,192.92046103452424,1543.363688276194,20.224895477294922,28,3600,28800,35.31071710586548,9.0,4.5,4.5,10,80,57.405317544937134
28,191.7828776457683,1534.2630211661465,21.267741441726685,29,3800,30400,36.06885600090027,9.0,4.5,4.5,10,80,59.27080678939819
29,191.55497432531888,1532.439794602551,22.311828136444092,30,4000,32000,36.83566427230835,9.0,4.5,4.5,10,80,61.147061824798584
30,179.12843718349703,1433.0274974679762,23.428345441818237,31,4200,33600,37.56905770301819,11.0,5.5,5.5,10,80,63.06314420700073
31,182.7030556548356,1461.6244452386848,24.52301788330078,32,4400,35200,38.28634834289551,13.0,6.5,6.5,10,80,64.95369362831116
32,180.54958167533047,1444.3966534026438,25.630746841430664,33,4600,36800,39.00135374069214,11.0,5.5,5.5,10,80,66.84184336662292
33,182.39676945419092,1459.1741556335273,26.72725749015808,34,4800,38400,39.76976919174194,11.0,5.5,5.5,10,80,68.77109599113464
34,186.74745706377604,1493.9796565102083,27.798222541809082,35,5000,40000,40.50686025619507,11.0,5.5,5.5,10,80,70.6597535610199
35,197.09797324285842,1576.7837859428673,28.812946319580078,36,5200,41600,41.291616916656494,13.0,6.5,6.5,10,80,72.52517032623291
36,177.19728350989112,1417.578268079129,29.94163179397583,37,5400,43200,42.0020055770874,9.0,4.5,4.5,10,80,74.41696834564209
37,199.62652460608865,1597.0121968487092,30.94350266456604,38,5600,44800,42.729045152664185,11.0,5.5,5.5,10,80,76.21182346343994
38,184.63425236581256,1477.0740189265005,32.02672529220581,39,5800,46400,43.4378023147583,11.0,5.5,5.5,10,80,78.08574676513672
39,185.48361989669567,1483.8689591735654,33.10498762130737,40,6000,48000,44.174453258514404,10.799999999999999,5.3999999999999995,5.3999999999999995,10,80,79.9808337688446
40,192.64484404660803,1541.1587523728642,34.14316749572754,41,6200,49600,44.95865511894226,13.0,6.5,6.5,10,80,81.85824465751648
41,189.59337113173254,1516.7469690538603,35.19805669784546,42,6400,51200,45.6908278465271,12.799999999999999,6.3999999999999995,6.3999999999999995,10,80,83.69953918457031
42,193.04561465199308,1544.3649172159446,36.23408126831055,43,6600,52800,46.45370364189148,10.799999999999999,5.3999999999999995,5.3999999999999995,10,80,85.55828738212585
43,192.08514516398643,1536.6811613118914,37.27528619766235,44,6800,54400,47.18713140487671,10.799999999999999,5.3999999999999995,5.3999999999999995,10,80,87.411691904068
44,180.97368348383176,1447.789467870654,38.38041925430298,45,7000,56000,47.96103525161743,10.799999999999999,5.3999999999999995,5.3999999999999995,10,80,89.36876606941223
45,187.82835953402775,1502.626876272222,39.445221185684204,46,7200,57600,48.7481369972229,10.799999999999999,5.3999999999999995,5.3999999999999995,10,80,91.27436971664429
46,188.3067471469263,1506.4539771754105,40.50731801986694,47,7400,59200,49.52900290489197,10.799999999999999,5.3999999999999995,5.3999999999999995,10,80,93.16960763931274
47,193.70043540184616,1549.6034832147693,41.53984022140503,48,7600,60800,50.29078674316406,10.799999999999999,5.3999999999999995,5.3999999999999995,10,80,95.03006148338318
48,201.11796027273147,1608.9436821818517,42.534281492233276,49,7800,62400,51.04584884643555,12.799999999999999,6.3999999999999995,6.3999999999999995,10,80,96.84652519226074
49,167.5266998793368,1340.2135990346944,43.72812104225159,50,8000,64000,51.82922983169556,12.6,6.3,6.3,10,80,98.89793658256531
50,185.2445357595635,1481.956286076508,44.807775020599365,51,8200,65600,52.62840127944946,10.799999999999999,5.3999999999999995,5.3999999999999995,10,80,100.84932327270508
51,191.2809306871226,1530.2474454969808,45.853357553482056,52,8400,67200,53.50594425201416,12.6,6.3,6.3,10,80,102.84120774269104
52,187.14270225362557,1497.1416180290046,46.92206072807312,53,8600,68800,54.273911476135254,12.6,6.3,6.3,10,80,104.74617600440979
53,183.8008836614654,1470.4070692917232,48.01019477844238,54,8800,70400,55.05206823348999,12.6,6.3,6.3,10,80,106.67655754089355
54,182.9285594504167,1463.4284756033337,49.10351777076721,55,9000,72000,56.02683067321777,14.400000000000002,7.200000000000001,7.200000000000001,10,80,108.81099510192871
55,195.4371482595985,1563.497186076788,50.12686467170715,56,9200,73600,56.85654258728027,12.6,6.3,6.3,10,80,110.73184394836426
56,182.84462776988008,1462.7570221590406,51.22068953514099,57,9400,75200,57.660619497299194,14.400000000000002,7.200000000000001,7.200000000000001,10,80,112.70147800445557
57,188.09988931881742,1504.7991145505393,52.28395438194275,58,9600,76800,58.48552370071411,14.400000000000002,7.200000000000001,7.200000000000001,10,80,114.64551639556885
58,196.26055748183293,1570.0844598546635,53.30300784111023,59,9800,78400,59.27338409423828,14.400000000000002,7.200000000000001,7.200000000000001,10,80,116.51738667488098
59,197.2520278709988,1578.0162229679904,54.31693911552429,60,10000,80000,60.09889602661133,14.400000000000002,7.200000000000001,7.200000000000001,10,80,118.44958138465881
60,194.40872096769036,1555.2697677415229,55.34569954872131,61,10200,81600,60.803696155548096,14.400000000000002,7.200000000000001,7.200000000000001,10,80,120.26379632949829
61,182.542872052118,1460.342976416944,56.44133257865906,62,10400,83200,61.61715030670166,14.400000000000002,7.200000000000001,7.200000000000001,10,80,122.22667860984802
62,189.4958934237402,1515.9671473899216,57.49676442146301,63,10600,84800,62.39824652671814,14.400000000000002,7.200000000000001,7.200000000000001,10,80,124.12589287757874
63,194.48773422678065,1555.9018738142452,58.52510690689087,64,10800,86400,63.125415325164795,14.400000000000002,7.200000000000001,7.200000000000001,10,80,125.96237397193909
64,171.32590471105962,1370.607237688477,59.69247269630432,65,11000,88000,63.88472652435303,14.400000000000002,7.200000000000001,7.200000000000001,10,80,127.95574307441711
65,185.60049843883857,1484.8039875107086,60.7700560092926,66,11200,89600,64.70353031158447,14.400000000000002,7.200000000000001,7.200000000000001,10,80,129.9063048362732
66,181.14778648827883,1449.1822919062306,61.87412691116333,67,11400,91200,65.49180960655212,14.400000000000002,7.200000000000001,7.200000000000001,10,80,131.86412930488586
67,193.43431711428354,1547.4745369142684,62.9080696105957,68,11600,92800,66.28099703788757,14.400000000000002,7.200000000000001,7.200000000000001,10,80,133.7532069683075
68,179.3791766305632,1435.0334130445056,64.02302622795105,69,11800,94400,67.09850263595581,14.400000000000002,7.200000000000001,7.200000000000001,10,80,135.75068759918213
69,188.00090721568156,1504.0072577254525,65.08685088157654,70,12000,96000,67.815345287323,14.400000000000002,7.200000000000001,7.200000000000001,10,80,137.58870887756348
70,183.11372048411164,1464.909763872893,66.17906832695007,71,12200,97600,68.59001326560974,14.400000000000002,7.200000000000001,7.200000000000001,10,80,139.52659249305725
71,178.5879080394287,1428.7032643154296,67.2989649772644,72,12400,99200,69.36817717552185,14.400000000000002,7.200000000000001,7.200000000000001,10,80,141.47833395004272
72,197.25323382031692,1578.0258705625354,68.31289005279541,73,12600,100800,70.07310557365417,14.400000000000002,7.200000000000001,7.200000000000001,10,80,143.25615096092224
73,172.17530231118533,1377.4024184894827,69.47449684143066,74,12800,102400,70.8550968170166,14.400000000000002,7.200000000000001,7.200000000000001,10,80,145.25149154663086
74,186.60422062458943,1492.8337649967154,70.54628396034241,75,13000,104000,71.68468952178955,14.400000000000002,7.200000000000001,7.200000000000001,10,80,147.21770644187927
75,188.71448586903605,1509.7158869522884,71.6060860157013,76,13200,105600,72.47862577438354,14.400000000000002,7.200000000000001,7.200000000000001,10,80,149.1247754096985
76,177.0809140749069,1416.6473125992552,72.73551321029663,77,13400,107200,73.23723697662354,14.400000000000002,7.200000000000001,7.200000000000001,10,80,151.08019304275513
77,179.47039958580172,1435.7631966864137,73.84990310668945,78,13600,108800,74.06175327301025,14.400000000000002,7.200000000000001,7.200000000000001,10,80,153.07782363891602
78,191.74491454506514,1533.9593163605211,74.89295554161072,79,13800,110400,74.87727761268616,14.400000000000002,7.200000000000001,7.200000000000001,10,80,155.00186204910278
79,184.01538176366003,1472.1230541092802,75.97982120513916,80,14000,112000,75.6073169708252,14.400000000000002,7.200000000000001,7.200000000000001,10,80,156.9260733127594
80,196.67786673906738,1573.422933912539,76.99671244621277,81,14200,113600,76.35167145729065,14.400000000000002,7.200000000000001,7.200000000000001,10,80,158.73959636688232
81,206.5665576040804,1652.5324608326432,77.96492338180542,82,14400,115200,77.15917706489563,14.400000000000002,7.200000000000001,7.200000000000001,10,80,160.5929651260376
82,169.96332721444867,1359.7066177155893,79.14164781570435,83,14600,116800,77.98311161994934,14.400000000000002,7.200000000000001,7.200000000000001,10,80,162.6464192867279
83,191.50573368341247,1532.0458694672998,80.18600296974182,84,14800,118400,78.82504439353943,14.400000000000002,7.200000000000001,7.200000000000001,10,80,164.5979781150818
84,183.39579444544282,1467.1663555635425,81.276540517807,85,15000,120000,79.59497237205505,14.400000000000002,7.200000000000001,7.200000000000001,10,80,166.5214445590973
85,186.0339604908297,1488.2716839266377,82.35161304473877,86,15200,121600,80.30864334106445,14.400000000000002,7.200000000000001,7.200000000000001,10,80,168.3767809867859
86,184.04663054307593,1472.3730443446075,83.43829417228699,87,15400,123200,81.14584350585938,14.400000000000002,7.200000000000001,7.200000000000001,10,80,170.38438177108765
87,182.92792119928168,1463.4233695942535,84.53162097930908,88,15600,124800,81.89910006523132,14.400000000000002,7.200000000000001,7.200000000000001,10,80,172.29655528068542
88,174.0962046333048,1392.7696370664385,85.68041110038757,89,15800,126400,82.69041466712952,14.400000000000002,7.200000000000001,7.200000000000001,10,80,174.30701613426208
89,195.7191750059437,1565.7534000475496,86.70228338241577,90,16000,128000,83.4332709312439,14.400000000000002,7.200000000000001,7.200000000000001,10,80,176.12873888015747
90,174.67500165021346,1397.4000132017077,87.84726691246033,91,16200,129600,84.23440408706665,14.400000000000002,7.200000000000001,7.200000000000001,10,80,178.1373851299286
91,160.24261586852347,1281.9409269481878,89.09537434577942,92,16400,131200,85.01222085952759,14.400000000000002,7.200000000000001,7.200000000000001,10,80,180.21749258041382
92,221.2416114020316,1769.9328912162528,89.9993634223938,93,16600,132800,85.77644968032837,14.400000000000002,7.200000000000001,7.200000000000001,10,80,181.93839168548584
93,193.55973658586112,1548.477892686889,91.0326361656189,94,16800,134400,86.57633423805237,14.400000000000002,7.200000000000001,7.200000000000001,10,80,183.83365201950073
94,196.78661460065862,1574.292916805269,92.04896545410156,95,17000,136000,87.33634853363037,14.400000000000002,7.200000000000001,7.200000000000001,10,80,185.6676037311554
95,196.95840130582314,1575.6672104465852,93.06440830230713,96,17200,137600,88.11619591712952,14.400000000000002,7.200000000000001,7.200000000000001,10,80,187.51602506637573
96,171.07671198402585,1368.6136958722068,94.23347449302673,97,17400,139200,88.96320033073425,14.400000000000002,7.200000000000001,7.200000000000001,10,80,189.59272480010986
97,178.0807563595357,1424.6460508762857,95.3565604686737,98,17600,140800,89.87282156944275,14.400000000000002,7.200000000000001,7.200000000000001,10,80,191.7171859741211
98,159.52700666073966,1276.2160532859173,96.61026668548584,99,17800,142400,90.67501330375671,14.400000000000002,7.200000000000001,7.200000000000001,10,80,193.83904361724854
99,209.11973156437045,1672.9578525149636,97.56665658950806,100,18000,144000,91.42311263084412,14.400000000000002,7.200000000000001,7.200000000000001,10,80,195.6656641960144
100,182.7745510331744,1462.1964082653951,98.66090083122253,101,18200,145600,92.19197058677673,14.400000000000002,7.200000000000001,7.200000000000001,10,80,197.602192401886
101,183.9022240734854,1471.2177925878832,99.74843525886536,102,18400,147200,92.93922400474548,14.400000000000002,7.200000000000001,7.200000000000001,10,80,199.5058352947235
102,182.42925615664987,1459.434049253199,100.84475064277649,103,18600,148800,93.75482177734375,14.400000000000002,7.200000000000001,7.200000000000001,10,80,201.49776911735535
103,176.28740582084546,1410.2992465667637,101.97926163673401,104,18800,150400,94.5255925655365,14.400000000000002,7.200000000000001,7.200000000000001,10,80,203.45707654953003
104,196.0705064063054,1568.5640512504433,102.9993028640747,105,19000,152000,95.31350636482239,14.400000000000002,7.200000000000001,7.200000000000001,10,80,205.31959867477417
105,177.06816799233013,1416.545343938641,104.12881135940552,106,19200,153600,96.07891917228699,14.400000000000002,7.200000000000001,7.200000000000001,10,80,207.2679727077484
106,195.82663642172136,1566.6130913737709,105.15012288093567,107,19400,155200,96.83256244659424,14.400000000000002,7.200000000000001,7.200000000000001,10,80,209.09655833244324
107,189.12936678945957,1513.0349343156765,106.20760011672974,108,19600,156800,97.62382698059082,14.400000000000002,7.200000000000001,7.200000000000001,10,80,210.99908542633057
108,191.93931606096217,1535.5145284876974,107.249596118927,109,19800,158400,98.43092441558838,14.400000000000002,7.200000000000001,7.200000000000001,10,80,212.90217447280884
109,187.5721232752352,1500.5769862018817,108.31585264205933,110,20000,160000,99.23781228065491,14.400000000000002,7.200000000000001,7.200000000000001,10,80,214.82870507240295
110,183.83024678101242,1470.6419742480994,109.40381288528442,111,20200,161600,100.00467872619629,14.400000000000002,7.200000000000001,7.200000000000001,10,80,216.7378866672516
111,198.78967003733078,1590.3173602986462,110.40990138053894,112,20400,163200,100.83721113204956,14.400000000000002,7.200000000000001,7.200000000000001,10,80,218.63164234161377
112,197.1836375769796,1577.4691006158369,111.42418432235718,113,20600,164800,101.68505573272705,14.400000000000002,7.200000000000001,7.200000000000001,10,80,220.54942417144775
113,170.40041601664066,1363.2033281331253,112.59789037704468,114,20800,166400,102.61781311035156,14.400000000000002,7.200000000000001,7.200000000000001,10,80,222.70838046073914
114,199.76738359892437,1598.139068791395,113.59905481338501,115,21000,168000,103.7020354270935,14.400000000000002,7.200000000000001,7.200000000000001,10,80,224.87623977661133
115,172.5569573592224,1380.4556588737792,114.75809240341187,116,21200,169600,104.48332858085632,14.400000000000002,7.200000000000001,7.200000000000001,10,80,226.87064003944397
116,175.45652411264714,1403.6521929011772,115.89797592163086,117,21400,171200,105.27313351631165,14.400000000000002,7.200000000000001,7.200000000000001,10,80,228.85357475280762
117,190.0220294503737,1520.1762356029897,116.95048546791077,118,21600,172800,106.08964943885803,14.400000000000002,7.200000000000001,7.200000000000001,10,80,230.77780604362488
118,187.67321543829192,1501.3857235063354,118.01616764068604,119,21800,174400,106.86219143867493,14.400000000000002,7.200000000000001,7.200000000000001,10,80,232.67047095298767
119,183.26605908656748,1466.1284726925398,119.10747718811035,120,22000,176000,107.61747884750366,14.400000000000002,7.200000000000001,7.200000000000001,10,80,234.59883880615234
120,177.00282175390163,1416.022574031213,120.23740267753601,121,22200,177600,108.49464249610901,14.400000000000002,7.200000000000001,7.200000000000001,10,80,236.6593358516693
121,184.13457971496769,1473.0766377197415,121.32356476783752,122,22400,179200,109.36178231239319,14.400000000000002,7.200000000000001,7.200000000000001,10,80,238.69514203071594
122,177.16640882811058,1417.3312706248846,122.45244693756104,123,22600,180800,110.1689383983612,14.400000000000002,7.200000000000001,7.200000000000001,10,80,240.6935646533966
123,179.24521609363495,1433.9617287490796,123.56823682785034,124,22800,182400,110.91977524757385,14.400000000000002,7.200000000000001,7.200000000000001,10,80,242.62057757377625
124,163.2762186971977,1306.2097495775815,124.79315495491028,125,23000,184000,112.13185811042786,14.400000000000002,7.200000000000001,7.200000000000001,10,80,245.12572050094604
125,194.32833130903356,1554.6266504722685,125.822340965271,126,23200,185600,113.45984435081482,14.400000000000002,7.200000000000001,7.200000000000001,10,80,247.53872847557068
126,199.67888972492347,1597.4311177993877,126.82394909858704,127,23400,187200,114.53649830818176,14.400000000000002,7.200000000000001,7.200000000000001,10,80,249.6716709136963
127,186.710920862387,1493.687366899096,127.89512372016907,128,23600,188800,115.28820300102234,14.400000000000002,7.200000000000001,7.200000000000001,10,80,251.54906940460205
128,191.6670189142078,1533.3361513136624,128.93860006332397,129,23800,190400,116.21500658988953,14.400000000000002,7.200000000000001,7.200000000000001,10,80,253.61067581176758
129,159.789309788024,1278.314478304192,130.1902482509613,130,24000,192000,117.01617383956909,14.400000000000002,7.200000000000001,7.200000000000001,10,80,255.71919655799866
130,194.22340694749843,1553.7872555799875,131.2199902534485,131,24200,193600,117.90307354927063,14.400000000000002,7.200000000000001,7.200000000000001,10,80,257.69076013565063
131,183.73920736340423,1469.9136589072339,132.30848956108093,132,24400,195200,118.86777114868164,14.400000000000002,7.200000000000001,7.200000000000001,10,80,259.7975332736969
132,180.29250058620906,1442.3400046896725,133.41779804229736,133,24600,196800,119.67050170898438,14.400000000000002,7.200000000000001,7.200000000000001,10,80,261.763459444046
133,190.98040429906985,1527.8432343925588,134.46502590179443,134,24800,198400,120.43230175971985,14.400000000000002,7.200000000000001,7.200000000000001,10,80,263.6543519496918
134,171.57133264734318,1372.5706611787455,135.63072180747986,135,25000,200000,121.21224522590637,14.400000000000002,7.200000000000001,7.200000000000001,10,80,265.6540105342865
135,187.88485831265285,1503.0788665012228,136.69520354270935,136,25200,201600,122.08671712875366,14.400000000000002,7.200000000000001,7.200000000000001,10,80,267.64782094955444
136,178.10888738847768,1424.8710991078215,137.81811213493347,137,25400,203200,122.88270330429077,14.400000000000002,7.200000000000001,7.200000000000001,10,80,269.62152671813965
137,182.34253174732044,1458.7402539785635,138.9149489402771,138,25600,204800,123.64764261245728,14.400000000000002,7.200000000000001,7.200000000000001,10,80,271.55980134010315
138,174.01310521594897,1392.1048417275917,140.0642876625061,139,25800,206400,124.44830346107483,14.400000000000002,7.200000000000001,7.200000000000001,10,80,273.56563448905945
139,191.35934214386313,1530.874737150905,141.10944175720215,140,26000,208000,125.2474434375763,14.400000000000002,7.200000000000001,7.200000000000001,10,80,275.4896614551544
140,184.88402718224148,1479.0722174579319,142.1912009716034,141,26200,209600,125.9219913482666,14.400000000000002,7.200000000000001,7.200000000000001,10,80,277.30010199546814
141,190.1047539967149,1520.8380319737191,143.24325251579285,142,26400,211200,126.62586879730225,14.400000000000002,7.200000000000001,7.200000000000001,10,80,279.1365237236023
142,165.56638527552823,1324.5310822042259,144.45122718811035,143,26600,212800,127.37205982208252,14.400000000000002,7.200000000000001,7.200000000000001,10,80,281.1459791660309
143,177.07392406046588,1416.591392483727,145.58069896697998,144,26800,214400,128.1952669620514,14.400000000000002,7.200000000000001,7.200000000000001,10,80,283.15241408348083
144,185.017737300913,1480.141898407304,146.66167640686035,145,27000,216000,128.9935326576233,14.400000000000002,7.200000000000001,7.200000000000001,10,80,285.08819937705994
145,173.24121181581341,1385.9296945265073,147.81613612174988,146,27200,217600,129.75468635559082,14.400000000000002,7.200000000000001,7.200000000000001,10,80,287.0635585784912
146,184.29833954573795,1474.3867163659036,148.9013330936432,147,27400,219200,130.5360713005066,14.400000000000002,7.200000000000001,7.200000000000001,10,80,288.9848871231079
147,174.38882063243588,1395.110565059487,150.04819560050964,148,27600,220800,131.2985212802887,14.400000000000002,7.200000000000001,7.200000000000001,10,80,290.96509051322937
148,179.41516350342388,1435.321308027391,151.1629285812378,149,27800,222400,131.9792833328247,14.400000000000002,7.200000000000001,7.200000000000001,10,80,292.84363532066345
149,176.866754643839,1414.934037150712,152.29372334480286,150,28000,224000,132.75606060028076,14.400000000000002,7.200000000000001,7.200000000000001,10,80,294.80515336990356
150,169.57021472889934,1356.5617178311948,153.47317576408386,151,28200,225600,133.5613706111908,14.400000000000002,7.200000000000001,7.200000000000001,10,80,296.8667709827423
151,164.0210959483195,1312.168767586556,154.6925311088562,152,28400,227200,134.27467322349548,14.400000000000002,7.200000000000001,7.200000000000001,10,80,298.88123321533203
152,168.95446958727786,1351.6357566982228,155.87628197669983,153,28600,228800,135.29248762130737,14.400000000000002,7.200000000000001,7.200000000000001,10,80,301.15215396881104
153,191.16816063889476,1529.345285111158,156.92248129844666,154,28800,230400,136.24985027313232,14.400000000000002,7.200000000000001,7.200000000000001,10,80,303.2220869064331
154,158.5646291164651,1268.517032931721,158.18379664421082,155,29000,232000,137.0004448890686,14.400000000000002,7.200000000000001,7.200000000000001,10,80,305.29962825775146
155,175.6669488833246,1405.3355910665969,159.3223147392273,156,29200,233600,137.79699683189392,14.400000000000002,7.200000000000001,7.200000000000001,10,80,307.3024868965149
156,192.65891371031233,1541.2713096824987,160.3604187965393,157,29400,235200,139.19156742095947,14.400000000000002,7.200000000000001,7.200000000000001,10,80,309.80437874794006
157,202.6473664757423,1621.1789318059384,161.34735488891602,158,29600,236800,140.67467379570007,14.400000000000002,7.200000000000001,7.200000000000001,10,80,312.3551354408264
158,185.99646570245827,1487.9717256196661,162.42264413833618,159,29800,238400,141.55984902381897,14.400000000000002,7.200000000000001,7.200000000000001,10,80,314.3884060382843
159,192.6071580931161,1540.857264744929,163.46102714538574,160,30000,240000,142.401043176651,14.400000000000002,7.200000000000001,7.200000000000001,10,80,316.3713982105255
160,167.25927615559647,1338.0742092447717,164.65677547454834,161,30200,241600,143.177077293396,14.400000000000002,7.200000000000001,7.200000000000001,10,80,318.41094040870667
161,195.7793790733361,1566.2350325866887,165.67833352088928,162,30400,243200,143.93971347808838,14.400000000000002,7.200000000000001,7.200000000000001,10,80,320.26817560195923
162,192.27076215575187,1538.166097246015,166.7185332775116,163,30600,244800,144.6932191848755,14.400000000000002,7.200000000000001,7.200000000000001,10,80,322.13116693496704
163,193.96849789593657,1551.7479831674925,167.74962854385376,164,30800,246400,145.45019793510437,14.400000000000002,7.200000000000001,7.200000000000001,10,80,323.98829770088196
164,186.51787822608296,1492.1430258086637,168.8219118118286,165,31000,248000,146.17784023284912,14.400000000000002,7.200000000000001,7.200000000000001,10,80,325.85450410842896
165,176.91976085084053,1415.3580868067243,169.95236778259277,166,31200,249600,146.9157795906067,14.400000000000002,7.200000000000001,7.200000000000001,10,80,327.78418707847595
166,190.02865853976235,1520.2292683180988,171.0048406124115,167,31400,251200,147.69443917274475,14.400000000000002,7.200000000000001,7.200000000000001,10,80,329.67531156539917
167,191.81475897071448,1534.5180717657158,172.04751324653625,168,31600,252800,148.4678192138672,14.400000000000002,7.200000000000001,7.200000000000001,10,80,331.56653785705566
168,179.6390433479481,1437.1123467835848,173.16085696220398,169,31800,254400,149.2775387763977,14.400000000000002,7.200000000000001,7.200000000000001,10,80,333.54941391944885
169,178.34506162642393,1426.7604930113914,174.28227853775024,170,32000,256000,149.95098090171814,14.400000000000002,7.200000000000001,7.200000000000001,10,80,335.4002687931061
170,178.58471440119166,1428.6777152095333,175.40219521522522,171,32200,257600,150.82221913337708,14.400000000000002,7.200000000000001,7.200000000000001,10,80,337.4467794895172
171,175.198180142805,1401.58544114244,176.54375958442688,172,32400,259200,151.66934895515442,14.400000000000002,7.200000000000001,7.200000000000001,10,80,339.49059009552
172,177.5354748920219,1420.2837991361753,177.6702950000763,173,32600,260800,152.4283573627472,14.400000000000002,7.200000000000001,7.200000000000001,10,80,341.42985463142395
173,184.3962975696096,1475.1703805568768,178.75491547584534,174,32800,262400,153.21254062652588,14.400000000000002,7.200000000000001,7.200000000000001,10,80,343.3809266090393
174,182.35795132169497,1458.8636105735598,179.8516595363617,175,33000,264000,153.99547171592712,14.400000000000002,7.200000000000001,7.200000000000001,10,80,345.31548595428467
175,181.88308635915013,1455.064690873201,180.95126700401306,176,33200,265600,154.80880904197693,14.400000000000002,7.200000000000001,7.200000000000001,10,80,347.2936978340149
176,180.15632174428848,1441.2505739543078,182.0614140033722,177,33400,267200,155.5331392288208,14.400000000000002,7.200000000000001,7.200000000000001,10,80,349.18330550193787
177,174.50338372235254,1396.0270697788203,183.20752358436584,178,33600,268800,156.3457202911377,14.400000000000002,7.200000000000001,7.200000000000001,10,80,351.1989378929138
178,181.44482599603566,1451.5586079682853,184.3097870349884,179,33800,270400,157.05266547203064,14.400000000000002,7.200000000000001,7.200000000000001,10,80,353.0703282356262
179,187.23158833105896,1497.8527066484717,185.37798285484314,180,34000,272000,157.82992339134216,14.400000000000002,7.200000000000001,7.200000000000001,10,80,354.9977557659149
180,178.74198457407388,1429.935876592591,186.4969141483307,181,34200,273600,158.5854299068451,14.400000000000002,7.200000000000001,7.200000000000001,10,80,356.92922735214233
181,181.11028013492904,1448.8822410794323,187.60121369361877,182,34400,275200,159.33726406097412,14.400000000000002,7.200000000000001,7.200000000000001,10,80,358.8392288684845
182,178.48918620745417,1427.9134896596333,188.7217297554016,183,34600,276800,160.16466331481934,14.400000000000002,7.200000000000001,7.200000000000001,10,80,360.86890268325806
183,175.08493237031078,1400.6794589624863,189.86403250694275,184,34800,278400,160.9112732410431,14.400000000000002,7.200000000000001,7.200000000000001,10,80,362.81242060661316
184,169.1125801326474,1352.9006410611792,191.0466766357422,185,35000,280000,161.78545999526978,14.400000000000002,7.200000000000001,7.200000000000001,10,80,364.9348487854004
185,189.3645258001753,1514.9162064014024,192.10284066200256,186,35200,281600,162.54026746749878,14.400000000000002,7.200000000000001,7.200000000000001,10,80,366.81804752349854
186,173.9543587463586,1391.6348699708687,193.25256752967834,187,35400,283200,163.25518560409546,14.400000000000002,7.200000000000001,7.200000000000001,10,80,368.73586678504944
187,183.5068844001359,1468.0550752010872,194.342444896698,188,35600,284800,164.02522253990173,14.400000000000002,7.200000000000001,7.200000000000001,10,80,370.67787766456604
188,186.2904766007872,1490.3238128062976,195.41603708267212,189,35800,286400,164.86833572387695,14.400000000000002,7.200000000000001,7.200000000000001,10,80,372.6490352153778
189,178.36868695459881,1426.9494956367905,196.5373101234436,190,36000,288000,165.62137722969055,14.400000000000002,7.200000000000001,7.200000000000001,10,80,374.60211539268494
190,170.8140159968723,1366.5121279749785,197.7081742286682,191,36200,289600,166.48958086967468,14.400000000000002,7.200000000000001,7.200000000000001,10,80,376.70751762390137
191,158.88505173901933,1271.0804139121547,198.96694588661194,192,36400,291200,167.33683490753174,14.400000000000002,7.200000000000001,7.200000000000001,10,80,378.87786507606506
192,183.35302319308835,1466.8241855447068,200.05773782730103,193,36600,292800,168.10673213005066,14.400000000000002,7.200000000000001,7.200000000000001,10,80,380.7931637763977
193,187.57996671300668,1500.6397337040535,201.12394976615906,194,36800,294400,168.89231085777283,14.400000000000002,7.200000000000001,7.200000000000001,10,80,382.7234101295471
194,180.103214763958,1440.825718111664,202.2344241142273,195,37000,296000,169.72367477416992,14.400000000000002,7.200000000000001,7.200000000000001,10,80,384.71909379959106
195,180.74440267313403,1445.9552213850723,203.34095907211304,196,37200,297600,170.52795147895813,14.400000000000002,7.200000000000001,7.200000000000001,10,80,386.70095896720886
196,195.93412437831978,1567.4729950265582,204.3617103099823,197,37400,299200,171.33883261680603,14.400000000000002,7.200000000000001,7.200000000000001,10,80,388.61411333084106
197,183.89093611414967,1471.1274889131973,205.44931149482727,198,37600,300800,172.15357637405396,14.400000000000002,7.200000000000001,7.200000000000001,10,80,390.5828413963318
198,175.6452106647526,1405.1616853180208,206.587970495224,199,37800,302400,172.92443799972534,14.400000000000002,7.200000000000001,7.200000000000001,10,80,392.56381583213806
199,188.15570752566038,1505.245660205283,207.6509199142456,200,38000,304000,173.73768520355225,14.400000000000002,7.200000000000001,7.200000000000001,10,80,394.5332627296448
200,171.472256949356,1371.778055594848,208.817289352417,201,38200,305600,174.50991129875183,14.400000000000002,7.200000000000001,7.200000000000001,10,80,396.53748083114624
201,170.02833397484582,1360.2266717987666,209.99356389045715,202,38400,307200,175.37250518798828,14.400000000000002,7.200000000000001,7.200000000000001,10,80,398.6420533657074
202,168.20100528306972,1345.6080422645578,211.18261742591858,203,38600,308800,176.1565773487091,14.400000000000002,7.200000000000001,7.200000000000001,10,80,400.6843123435974
203,172.3782091761112,1379.0256734088896,212.34285688400269,204,38800,310400,177.0531783103943,14.400000000000002,7.200000000000001,7.200000000000001,10,80,402.8073148727417
204,179.81120334662955,1438.4896267730364,213.45513463020325,205,39000,312000,177.84643626213074,14.400000000000002,7.200000000000001,7.200000000000001,10,80,404.76565647125244
205,177.57813093723254,1420.6250474978604,214.58139944076538,206,39200,313600,178.65899324417114,14.400000000000002,7.200000000000001,7.200000000000001,10,80,406.7583031654358
206,195.7552564574367,1566.0420516594936,215.6030833721161,207,39400,315200,179.50033164024353,14.400000000000002,7.200000000000001,7.200000000000001,10,80,408.6808886528015
207,188.3561325483784,1506.8490603870273,216.66490173339844,208,39600,316800,180.28426337242126,14.400000000000002,7.200000000000001,7.200000000000001,10,80,410.6036579608917
208,186.63423720230904,1493.0738976184723,217.7365164756775,209,39800,318400,181.1086242198944,14.400000000000002,7.200000000000001,7.200000000000001,10,80,412.5603837966919
209,179.8287034942935,1438.629627954348,218.84868597984314,210,40000,320000,181.91612839698792,14.400000000000002,7.200000000000001,7.200000000000001,10,80,414.5621497631073
210,162.99034913701817,1303.9227930961454,220.07575249671936,211,40200,321600,182.65153241157532,14.400000000000002,7.200000000000001,7.200000000000001,10,80,416.5861985683441
211,189.29256692399534,1514.3405353919627,221.13231801986694,212,40400,323200,183.40159463882446,14.400000000000002,7.200000000000001,7.200000000000001,10,80,418.45382475852966
212,179.8474794663282,1438.7798357306256,222.24437141418457,213,40600,324800,184.2345368862152,14.400000000000002,7.200000000000001,7.200000000000001,10,80,420.4524555206299
213,189.9707342171873,1519.7658737374984,223.29716515541077,214,40800,326400,185.0455904006958,14.400000000000002,7.200000000000001,7.200000000000001,10,80,422.370304107666
214,173.48218741294724,1387.857499303578,224.45002126693726,215,41000,328000,185.86619591712952,14.400000000000002,7.200000000000001,7.200000000000001,10,80,424.3971312046051
215,160.7361596422826,1285.8892771382607,225.69429636001587,216,41200,329600,186.60629320144653,14.400000000000002,7.200000000000001,7.200000000000001,10,80,426.46021485328674
216,165.1159398752272,1320.9275190018177,226.90556645393372,217,41400,331200,187.4022183418274,14.400000000000002,7.200000000000001,7.200000000000001,10,80,428.5345368385315
217,178.79852180062724,1430.388174405018,228.02414393424988,218,41600,332800,188.25150656700134,14.400000000000002,7.200000000000001,7.200000000000001,10,80,430.56432008743286
218,190.3160905719142,1522.5287245753136,229.07502722740173,219,41800,334400,189.03313302993774,14.400000000000002,7.200000000000001,7.200000000000001,10,80,432.46829628944397
219,175.04240631225443,1400.3392504980354,230.21760749816895,220,42000,336000,189.78946495056152,14.400000000000002,7.200000000000001,7.200000000000001,10,80,434.4792585372925
220,186.59861693911472,1492.7889355129178,231.28942680358887,221,42200,337600,190.58425164222717,14.400000000000002,7.200000000000001,7.200000000000001,10,80,436.39876317977905
221,178.79105256988183,1430.3284205590546,232.40805101394653,222,42400,339200,191.31357979774475,14.400000000000002,7.200000000000001,7.200000000000001,10,80,438.3088209629059
222,191.06296466866826,1528.503717349346,233.45482635498047,223,42600,340800,192.18705773353577,14.400000000000002,7.200000000000001,7.200000000000001,10,80,440.30624198913574
223,157.8956007014062,1263.1648056112497,234.72148609161377,224,42800,342400,193.0104043483734,14.400000000000002,7.200000000000001,7.200000000000001,10,80,442.46645164489746
224,167.96185612030226,1343.694848962418,235.9122326374054,225,43000,344000,193.96575689315796,14.400000000000002,7.200000000000001,7.200000000000001,10,80,444.6932096481323
225,154.75277784900743,1238.0222227920594,237.20461654663086,226,43200,345600,194.89171361923218,14.400000000000002,7.200000000000001,7.200000000000001,10,80,446.9828906059265
226,142.33310625258224,1138.664850020658,238.6097710132599,227,43400,347200,195.97782111167908,14.400000000000002,7.200000000000001,7.200000000000001,10,80,449.60290265083313
227,119.92248776809232,959.3799021447386,240.2775149345398,228,43600,348800,196.76807856559753,14.400000000000002,7.200000000000001,7.200000000000001,10,80,452.1330316066742
228,155.26773506373604,1242.1418805098883,241.56561255455017,229,43800,350400,197.79522800445557,14.400000000000002,7.200000000000001,7.200000000000001,10,80,454.5304832458496
229,180.7275804597404,1445.8206436779233,242.67225050926208,230,44000,352000,198.5028100013733,14.400000000000002,7.200000000000001,7.200000000000001,10,80,456.40182614326477
230,195.8032791170911,1566.4262329367289,243.69368386268616,231,44200,353600,199.24557995796204,14.400000000000002,7.200000000000001,7.200000000000001,10,80,458.2210910320282
231,186.79344898634935,1494.3475918907948,244.76438522338867,232,44400,355200,200.00022792816162,14.400000000000002,7.200000000000001,7.200000000000001,10,80,460.0993061065674
232,186.03148512133194,1488.2518809706555,245.83947205543518,233,44600,356800,200.78316450119019,14.400000000000002,7.200000000000001,7.200000000000001,10,80,462.01007318496704
233,194.37898931178418,1555.0319144942735,246.8683898448944,234,44800,358400,201.61809659004211,14.400000000000002,7.200000000000001,7.200000000000001,10,80,463.93211913108826
234,207.64436277009386,1661.154902160751,247.83157515525818,235,45000,360000,202.43507838249207,14.400000000000002,7.200000000000001,7.200000000000001,10,80,465.76632595062256
235,181.91606097432975,1455.328487794638,248.93098330497742,236,45200,361600,203.256769657135,14.400000000000002,7.200000000000001,7.200000000000001,10,80,467.7543625831604
236,191.731109523372,1533.848876186976,249.9741108417511,237,45400,363200,204.0680763721466,14.400000000000002,7.200000000000001,7.200000000000001,10,80,469.6867251396179
237,174.94672520047132,1399.5738016037706,251.11731600761414,238,45600,364800,204.84551787376404,14.400000000000002,7.200000000000001,7.200000000000001,10,80,471.6605930328369
238,183.0397628772603,1464.3181030180824,252.2099747657776,239,45800,366400,205.6905369758606,14.400000000000002,7.200000000000001,7.200000000000001,10,80,473.6512613296509
239,181.79944129114193,1454.3955303291355,253.3100881576538,240,46000,368000,206.58386158943176,14.400000000000002,7.200000000000001,7.200000000000001,10,80,475.76030254364014
240,186.39006738263586,1491.120539061087,254.3831067085266,241,46200,369600,207.43262338638306,14.400000000000002,7.200000000000001,7.200000000000001,10,80,477.73578548431396
241,171.68844203826976,1373.507536306158,255.54800748825073,242,46400,371200,208.2479338645935,14.400000000000002,7.200000000000001,7.200000000000001,10,80,479.7692131996155
242,192.790728513654,1542.325828109232,256.58540177345276,243,46600,372800,209.18545579910278,14.400000000000002,7.200000000000001,7.200000000000001,10,80,481.7978596687317
243,192.42389278260842,1539.3911422608674,257.62477374076843,244,46800,374400,210.05343985557556,14.400000000000002,7.200000000000001,7.200000000000001,10,80,483.77119183540344
244,187.86811127400196,1502.9448901920157,258.6893503665924,245,47000,376000,210.81534361839294,14.400000000000002,7.200000000000001,7.200000000000001,10,80,485.66399359703064
245,202.82169618989775,1622.573569519182,259.6754381656647,246,47200,377600,211.62029027938843,14.400000000000002,7.200000000000001,7.200000000000001,10,80,487.50912714004517
246,208.45503718644864,1667.640297491589,260.6348776817322,247,47400,379200,212.44458961486816,14.400000000000002,7.200000000000001,7.200000000000001,10,80,489.3708710670471
247,207.0993283831919,1656.7946270655352,261.60059785842896,248,47600,380800,213.16792750358582,14.400000000000002,7.200000000000001,7.200000000000001,10,80,491.127156496048
248,163.90537007142302,1311.2429605713842,262.82081413269043,249,47800,382400,214.35350680351257,14.400000000000002,7.200000000000001,7.200000000000001,10,80,493.5853226184845
249,172.53903392137292,1380.3122713709834,263.97997212409973,250,48000,384000,215.43224477767944,14.400000000000002,7.200000000000001,7.200000000000001,10,80,495.9022853374481
250,202.4583340875494,1619.666672700395,264.96782970428467,251,48200,385600,216.23533129692078,14.400000000000002,7.200000000000001,7.200000000000001,10,80,497.77190947532654
251,170.52809870885352,1364.2247896708282,266.1406569480896,252,48400,387200,216.99750113487244,14.400000000000002,7.200000000000001,7.200000000000001,10,80,499.7585825920105
252,178.9507097778339,1431.6056782226713,267.25828313827515,253,48600,388800,217.85091376304626,14.400000000000002,7.200000000000001,7.200000000000001,10,80,501.7928705215454
253,204.21706398629692,1633.7365118903754,268.237633228302,254,48800,390400,218.65236234664917,14.400000000000002,7.200000000000001,7.200000000000001,10,80,503.6514239311218
254,206.9167033168159,1655.3336265345272,269.20420575141907,255,49000,392000,219.43983459472656,14.400000000000002,7.200000000000001,7.200000000000001,10,80,505.45856046676636
255,195.53928614219254,1564.3142891375403,270.22701811790466,256,49200,393600,220.19622254371643,14.400000000000002,7.200000000000001,7.200000000000001,10,80,507.2910215854645
256,181.5462952783205,1452.370362226564,271.3286654949188,257,49400,395200,220.9962513446808,14.400000000000002,7.200000000000001,7.200000000000001,10,80,509.25707602500916
257,173.24926217438087,1385.994097395047,272.48307156562805,258,49600,396800,221.79012084007263,14.400000000000002,7.200000000000001,7.200000000000001,10,80,511.258291721344
258,189.0219297316615,1512.175437853292,273.54114985466003,259,49800,398400,222.57665419578552,14.400000000000002,7.200000000000001,7.200000000000001,10,80,513.1555788516998
259,202.52006705757836,1620.1605364606269,274.52870631217957,260,50000,400000,223.37362408638,14.400000000000002,7.200000000000001,7.200000000000001,10,80,515.0560522079468
260,164.89267224315228,1319.1413779452182,275.74161648750305,261,50200,401600,224.2307105064392,14.400000000000002,7.200000000000001,7.200000000000001,10,80,517.1791405677795
261,204.12493253512676,1632.999460281014,276.72140860557556,262,50400,403200,224.95597314834595,14.400000000000002,7.200000000000001,7.200000000000001,10,80,518.9365830421448
262,205.70099647896217,1645.6079718316973,277.6936936378479,263,50600,404800,225.75727725028992,14.400000000000002,7.200000000000001,7.200000000000001,10,80,520.7604439258575
263,195.67808575947942,1565.4246860758353,278.7157804965973,264,50800,406400,226.5337734222412,14.400000000000002,7.200000000000001,7.200000000000001,10,80,522.6116878986359
264,221.90581801867387,1775.246544149391,279.61706376075745,265,51000,408000,227.29585671424866,14.400000000000002,7.200000000000001,7.200000000000001,10,80,524.3410325050354
265,176.00740570711116,1408.0592456568893,280.75337958335876,266,51200,409600,228.3921570777893,14.400000000000002,7.200000000000001,7.200000000000001,10,80,526.642918586731
266,206.81411500181207,1654.5129200144966,281.7204315662384,267,51400,411200,229.1973032951355,14.400000000000002,7.200000000000001,7.200000000000001,10,80,528.4928517341614
267,204.13322791594544,1633.0658233275635,282.7001838684082,268,51600,412800,230.19450640678406,14.400000000000002,7.200000000000001,7.200000000000001,10,80,530.5217003822327
268,217.8771504004384,1743.0172032035073,283.618132352829,269,51800,414400,230.95472502708435,14.400000000000002,7.200000000000001,7.200000000000001,10,80,532.2640671730042
269,190.31349993556853,1522.5079994845482,284.6690299510956,270,52000,416000,231.6459128856659,14.400000000000002,7.200000000000001,7.200000000000001,10,80,534.0778374671936
270,193.84227955678315,1550.7382364542652,285.7007966041565,271,52200,417600,232.56009674072266,14.400000000000002,7.200000000000001,7.200000000000001,10,80,536.0936996936798
271,162.50410202069318,1300.0328161655455,286.9315347671509,272,52400,419200,233.53401041030884,14.400000000000002,7.200000000000001,7.200000000000001,10,80,538.3623223304749
272,193.1158765520034,1544.9270124160273,287.9671823978424,273,52600,420800,234.2988257408142,14.400000000000002,7.200000000000001,7.200000000000001,10,80,540.2272098064423
273,182.9385725981021,1463.5085807848168,289.0604455471039,274,52800,422400,235.14282608032227,14.400000000000002,7.200000000000001,7.200000000000001,10,80,542.243469953537
274,186.0249669634468,1488.1997357075743,290.1355700492859,275,53000,424000,236.07060432434082,14.400000000000002,7.200000000000001,7.200000000000001,10,80,544.318811416626
275,174.86022410002914,1398.8817928002331,291.27934074401855,276,53200,425600,237.24518847465515,14.400000000000002,7.200000000000001,7.200000000000001,10,80,546.719678401947
276,174.79321906474902,1398.3457525179922,292.4235498905182,277,53400,427200,238.2799310684204,14.400000000000002,7.200000000000001,7.200000000000001,10,80,548.9772057533264
277,174.51271356130542,1396.1017084904433,293.569598197937,278,53600,428800,239.61662888526917,14.400000000000002,7.200000000000001,7.200000000000001,10,80,551.5180222988129
278,213.69434905007418,1709.5547924005934,294.50551438331604,279,53800,430400,240.3989338874817,14.400000000000002,7.200000000000001,7.200000000000001,10,80,553.298821926117
279,189.1935207043407,1513.5481656347256,295.56263303756714,280,54000,432000,241.15364241600037,14.400000000000002,7.200000000000001,7.200000000000001,10,80,555.2105505466461
280,194.3028546876104,1554.4228375008831,296.5919539928436,281,54200,433600,241.91236686706543,14.400000000000002,7.200000000000001,7.200000000000001,10,80,557.0612170696259
281,209.10101803477735,1672.8081442782188,297.54842948913574,282,54400,435200,242.716970205307,14.400000000000002,7.200000000000001,7.200000000000001,10,80,558.8764629364014
282,199.84114876032663,1598.729190082613,298.54922437667847,283,54600,436800,243.48464608192444,14.400000000000002,7.200000000000001,7.200000000000001,10,80,560.697464466095
283,190.9920576012881,1527.9364608103049,299.59638833999634,284,54800,438400,244.29201745986938,14.400000000000002,7.200000000000001,7.200000000000001,10,80,562.6179385185242
284,169.2503929318669,1354.0031434549353,300.7780694961548,285,55000,440000,245.20454859733582,14.400000000000002,7.200000000000001,7.200000000000001,10,80,564.7678306102753
285,190.3656716688876,1522.9253733511007,301.82867908477783,286,55200,441600,246.00795650482178,14.400000000000002,7.200000000000001,7.200000000000001,10,80,566.6802303791046
286,179.47189707600538,1435.775176608043,302.94305968284607,287,55400,443200,246.76289176940918,14.400000000000002,7.200000000000001,7.200000000000001,10,80,568.6147360801697
287,190.375262632099,1523.002101056792,303.99361634254456,288,55600,444800,247.5674753189087,14.400000000000002,7.200000000000001,7.200000000000001,10,80,570.5289881229401
288,181.40241060880663,1451.219284870453,305.0961375236511,289,55800,446400,248.32121467590332,14.400000000000002,7.200000000000001,7.200000000000001,10,80,572.4469537734985
289,183.91641661722682,1471.3313329378145,306.1835880279541,290,56000,448000,249.09397864341736,14.400000000000002,7.200000000000001,7.200000000000001,10,80,574.3785483837128
290,176.04482311904556,1408.3585849523645,307.3196623325348,291,56200,449600,249.84872961044312,14.400000000000002,7.200000000000001,7.200000000000001,10,80,576.3282630443573
291,177.16861647844394,1417.3489318275515,308.44853043556213,292,56400,451200,250.6148898601532,14.400000000000002,7.200000000000001,7.200000000000001,10,80,578.2851731777191
292,180.40455606770658,1443.2364485416526,309.55714988708496,293,56600,452800,251.39324831962585,14.400000000000002,7.200000000000001,7.200000000000001,10,80,580.239893913269
293,184.35848753483668,1474.8679002786935,310.6419928073883,294,56800,454400,252.1810073852539,14.400000000000002,7.200000000000001,7.200000000000001,10,80,582.1747796535492
294,179.83984523060195,1438.7187618448156,311.7540934085846,295,57000,456000,252.9677541255951,14.400000000000002,7.200000000000001,7.200000000000001,10,80,584.1407771110535
295,183.92714311774694,1471.4171449419755,312.84148049354553,296,57200,457600,253.73838782310486,14.400000000000002,7.200000000000001,7.200000000000001,10,80,586.0778901576996
296,138.29004911347798,1106.3203929078238,314.2877161502838,297,57400,459200,254.79615592956543,14.400000000000002,7.200000000000001,7.200000000000001,10,80,588.676607131958
297,132.5921273045064,1060.7370184360511,315.7961013317108,298,57600,460800,255.899822473526,14.400000000000002,7.200000000000001,7.200000000000001,10,80,591.3770833015442
298,169.18703735600076,1353.496298848006,316.9782249927521,299,57800,462400,256.7131767272949,14.400000000000002,7.200000000000001,7.200000000000001,10,80,593.4463949203491
299,120.57308020187772,964.5846416150217,318.6369700431824,300,58000,464000,257.7789030075073,14.400000000000002,7.200000000000001,7.200000000000001,10,80,596.2570588588715
